userName,password,email,name,surname,dateOfBirth,gender,maritalState,hasKids,hasPets,extrovert,natureLover,museumLover,sportLover
timothy44,ju0K52G0M&,sbarron@example.net,Gina,Morales,1966-01-20,Female,Married,1,1,0,0,1,0
sholt,iX7X@CYs!j,pamelameyer@example.org,Tiffany,Ball,1975-09-30,Female,Married,0,1,0,1,1,0
pglass,*4E9z#DinT,whitechristy@example.com,Anthony,Baker,1965-04-21,Other,Divorced,1,0,1,0,1,0
sextonriley,Z4XRvlD_@#,jerry22@example.net,Michael,Smith,1990-03-11,Male,Single,0,0,0,1,1,0
stephanie67,E+7ORdo0Bx,bthompson@example.net,Jonathan,Sherman,1972-04-18,Other,Married,1,1,0,0,1,0
laurie14,&*@27oUb5I,joe76@example.net,Teresa,Quinn,1983-06-30,Male,Single,1,1,1,0,1,0
jeremy12,)cbJ43hEK7,jamesforbes@example.com,Danielle,Jackson,1990-11-04,Female,Divorced,1,1,0,1,0,0
calvin75,)9ZF(XvbfX,oolson@example.net,David,Waters,1953-05-19,Other,Divorced,0,1,0,1,1,1
cthornton,og9EMWniC+,vnelson@example.com,Sandra,Miller,1978-01-21,Male,Married,0,0,0,1,1,0
adam47,)7w1Hsl4%5,ithompson@example.net,Elizabeth,Conrad,1971-08-07,Male,Single,0,1,0,1,0,0
ivasquez,bT#9Lzru@*,swansonjamie@example.org,Jeffrey,Simon,1978-08-04,Female,Divorced,0,1,1,0,1,0
ivangonzalez,^8Z$t8I4hU,gwood@example.org,Lauren,Smith,1960-07-23,Other,Married,0,0,0,1,0,0
billy26,#5QQUruDDj,wileysarah@example.com,Bryan,Martin,1967-03-15,Female,Married,1,1,0,1,1,0
angelica15,p4r3LfRh%Z,jacqueline46@example.net,Shannon,Massey,1974-03-08,Female,Divorced,1,0,0,0,0,0
heather67,FmI9wDNk+D,tanya18@example.com,Stephanie,Parker,1995-03-10,Male,Married,0,0,0,0,0,0
vbrooks,d$8#GI4pQz,matthew98@example.com,Taylor,Bell,1995-03-19,Other,Single,1,0,0,0,1,1
joelhamilton,qi7R9KBh$9,johnathan48@example.net,Gail,Davis,2005-10-20,Female,Single,1,1,0,1,1,0
asmith,+N8OqAnW43,stephenssierra@example.com,Rebecca,Velasquez,1955-07-05,Male,Single,1,0,0,0,1,1
bradley26,HUoDRxge#0,xbrown@example.com,Courtney,Huerta,1980-03-11,Other,Single,1,1,1,1,0,0
williamsdavid,VCipnO6q%&,victoriabenjamin@example.com,Melanie,Miller,1959-06-13,Female,Married,1,1,1,0,0,0
huntjenny,_2vvAp3rVU,george01@example.org,Michael,Strickland,1970-02-14,Other,Single,1,1,0,0,0,0
renee99,FOd9MoN&(!,kathyadams@example.com,Christopher,Snyder,1945-12-27,Female,Single,0,1,0,1,0,1
andrea89,O(S+zHql)9,mccarthyricardo@example.org,Rodney,Kerr,1962-10-06,Other,Single,0,1,1,0,0,1
shannoncohen,z%0(eKLe+&,dustinmarshall@example.net,Craig,Horn,2004-12-06,Female,Married,0,0,0,0,0,0
tturner,w$8CSCIr^n,patricia45@example.com,Andrea,Green,1991-06-01,Female,Single,1,0,0,1,1,0
kelsey54,fOC&3^olM_,bmartinez@example.org,Amy,Cox,1955-03-15,Female,Single,1,1,1,1,0,0
isimmons,CfcD9LN9*8,yreyes@example.net,Kaitlyn,Hernandez,1961-11-18,Female,Married,1,0,1,1,0,0
melissajoseph,wjo9tRaz(q,randy78@example.com,Eric,Green,1970-05-26,Other,Married,0,1,0,1,1,1
rbullock,@%%eVjmHP5,shane39@example.net,Amanda,Newton,1965-02-07,Female,Married,0,1,1,1,0,0
deborah23,p)^4HrGhm!,eric01@example.net,Tammy,Harris,1989-06-17,Male,Divorced,0,0,1,0,1,1
fosterdwayne,0nSP8Xh__E,kevinwade@example.net,Ashley,Cole,1990-01-08,Male,Married,0,1,1,1,0,0
julie54,@^uOZnI50f,doriscarpenter@example.org,Paul,Pena,1954-08-10,Female,Divorced,1,0,1,0,1,1
leesharon,#nw)3CBw^6,luismatthews@example.com,Joshua,Bell,1987-01-24,Other,Single,0,0,0,0,1,0
nicholsjill,)GoM5tpw%3,bradley03@example.net,Brian,Marquez,1978-11-23,Other,Divorced,0,0,1,1,1,0
lisa01,^cw5xKoAbc,norrisdonna@example.net,Andrew,Strickland,1999-05-29,Female,Divorced,0,0,1,1,0,1
johnsonchad,&3@ROkvr#a,johnpeterson@example.com,David,Gibson,1979-01-12,Male,Divorced,0,1,0,1,1,0
jchambers,&W^tWwme%3,nroberts@example.net,Judith,Sims,1989-12-08,Male,Married,1,1,1,0,0,0
carterzoe,@q)w0EkDC(,markparker@example.org,Jason,Barber,1977-05-03,Other,Divorced,1,0,0,0,1,1
aprilperry,gRRkfFDf+2,laurenwhite@example.net,Patricia,Gonzalez,1969-01-10,Other,Single,0,0,1,1,1,1
colleen50,bRCfGosj$0,rodriguezjohn@example.net,Adrian,Johnson,1972-03-28,Female,Married,0,1,1,1,1,1
anthony34,okguhKLB!3,ddelgado@example.net,Angela,Rodriguez,1951-07-12,Female,Divorced,0,1,0,0,1,1
duranronald,4r5J*Yn6!8,masonbethany@example.com,Derrick,Nelson,1986-04-08,Male,Single,1,0,0,1,1,0
barryholden,+(XB6VSr1P,marc17@example.org,Stacy,Mills,1961-03-31,Female,Married,0,0,1,0,1,1
ubradley,Hc8Vq7X9*H,jessicablackwell@example.org,Shane,Savage,1955-08-25,Male,Single,1,0,0,0,0,1
donna86,%9@XDLkkuP,lowerykristin@example.org,Stephanie,Washington,1953-08-24,Other,Divorced,0,0,1,0,1,1
harrellmarcus,#CRRbfDbl9,cwright@example.com,Regina,Santiago,1968-04-10,Female,Married,1,0,0,1,0,1
ebraun,@3PJN2PpK%,louishernandez@example.com,Richard,Simon,1956-09-21,Male,Divorced,1,1,1,1,0,0
garciajennifer,9igTk7fa*R,krivers@example.net,Gina,Hill,2000-07-15,Other,Divorced,1,0,0,1,1,1
joseph68,4Xl5vWZn!@,zbray@example.org,Christopher,Allen,1988-02-03,Male,Married,0,1,1,1,0,1
williamsjill,m4(y8wRuHy,newmanchristopher@example.net,Karen,Johnson,2000-08-10,Male,Divorced,0,1,1,1,0,1
craigtyler,IeN#9CdgXo,alex15@example.net,William,Duncan,1996-04-27,Male,Married,0,0,1,1,1,1
adamsmonica,XA6VUMHs(8,ssawyer@example.com,Nicholas,Roman,1955-10-15,Male,Divorced,1,0,0,1,0,1
luissmith,+vbEKxHt3D,kwillis@example.net,Makayla,Williams,1992-05-22,Other,Divorced,1,1,1,0,0,1
hardyjeffrey,#89+B&iE)m,daniellethompson@example.com,Tonya,Richardson,1964-02-27,Other,Married,1,1,1,0,1,0
vbush,+(w3KLO6jx,brittany49@example.net,Austin,Fisher,1953-06-20,Male,Divorced,0,1,1,0,0,1
tracy53,)Qo3V4au)4,lindamurphy@example.net,James,Walker,1958-03-12,Male,Single,0,0,1,1,1,1
jonesjulia,8JIJ2Ni+_Y,gomezrebecca@example.com,Courtney,Watkins,1945-06-11,Other,Married,0,0,0,1,1,0
iwolfe,b&3B+Au2WW,twhitehead@example.org,Kelly,King,1954-10-18,Other,Single,1,1,0,1,1,1
williamsonmackenzie,B4#BMvCN*3,xgarrett@example.com,April,Combs,1984-06-11,Female,Married,0,1,1,1,1,0
alexandergomez,^1ZAhCv&W^,justinwright@example.net,Kelly,Ross,1983-08-09,Male,Single,1,0,1,0,1,1
brandonlee,5N!WZtwS)f,amy62@example.org,Tamara,Castillo,1986-06-17,Female,Single,0,0,0,0,1,0
rachaeldavis,nmEK0GIi^3,jackmartinez@example.org,Jared,Duran,1952-09-05,Other,Divorced,1,0,0,1,0,0
khernandez,&ev1G^oiAw,jonesjulie@example.net,Robert,Garcia,1951-03-09,Other,Divorced,1,1,0,1,1,1
ryan18,v*4rXlwD&C,oneilljill@example.net,Corey,Torres,2006-05-06,Female,Single,0,0,0,1,0,1
jose99,)G0REtwWN2,sherri44@example.net,David,Stephenson,2004-10-23,Other,Married,0,0,1,0,1,0
tcox,k4u#zxKx%v,fbradley@example.org,Julie,Bray,1970-04-24,Male,Single,1,0,1,1,1,1
bvaughn,iv#VV9Aq!5,lynnmcneil@example.com,Billy,Chavez,1964-06-23,Male,Single,0,1,1,0,1,1
nicholassloan,L4WYld+j^n,kelly33@example.com,Autumn,Stanley,1991-05-19,Female,Married,1,1,0,0,0,1
juliebrown,_3wt5sIz%$,dvaldez@example.net,Jillian,Price,1982-11-12,Female,Married,0,1,0,1,0,1
wilsonjulia,9_Zw9uCG4g,kristenball@example.org,Lisa,Gillespie,1945-09-24,Female,Divorced,1,1,1,0,1,1
rosedana,k@f58WFnBR,steven30@example.com,Ronnie,Adams,1955-02-15,Female,Divorced,1,0,0,0,1,1
adam50,*+B4RA^m^3,lisa62@example.com,Frank,Bonilla,1971-05-24,Other,Single,0,0,1,1,0,0
zachary84,(XU8Ce*l9T,jasondavis@example.com,Corey,Gutierrez,1984-10-01,Female,Single,0,0,1,1,0,0
karen61,bJEJZIxx_1,isaacross@example.org,Elizabeth,Martin,1987-02-27,Other,Single,1,0,1,0,0,0
danielwood,_Wsi4En)75,colemanmargaret@example.org,Joseph,Tucker,1976-06-19,Male,Single,1,0,0,0,1,0
aguilarjonathan,_24Y%dzlyl,ksimpson@example.org,Christopher,Fernandez,2001-10-13,Other,Married,0,1,1,1,0,1
kyleaguilar,^0WIjcUos5,jamesdebra@example.org,Dylan,Hernandez,1970-01-15,Male,Single,0,0,0,1,0,0
ecrawford,$7ilj53dIM,benjaminmullins@example.org,Pamela,Morgan,1975-11-10,Other,Divorced,1,0,0,0,0,0
yallen,UXj+4eNkka,bsosa@example.com,Aaron,Smith,1999-03-01,Male,Divorced,1,0,0,0,0,1
jonowen,o7O2fUvf+i,alexandra86@example.org,Steven,Johnson,1985-02-22,Female,Married,0,0,0,0,1,1
marktaylor,HTZ1EXff7_,scott76@example.net,Rachel,Duran,1953-12-16,Other,Divorced,1,0,1,0,1,0
tsolomon,KO&URwVE^9,sreed@example.net,Seth,Salinas,1969-07-31,Male,Married,1,1,1,1,0,0
larry18,@WAX@T&t4D,monique80@example.com,John,Miller,1980-10-27,Female,Divorced,0,1,1,1,1,0
dorseystephanie,*y3LHynx)4,elizabethsanders@example.org,Laura,Miller,1983-03-24,Male,Single,0,1,1,1,1,0
andrewsmith,M1bXb#lg+g,richard21@example.org,Alan,Merritt,1978-11-21,Female,Married,1,1,1,0,0,0
xsimmons,h#6$PyfR$G,wmaxwell@example.com,Kristine,Mcdonald,1963-09-27,Male,Married,0,1,1,1,1,0
josephcrawford,siRg%ck&&0,navarropatricia@example.com,Beth,Jackson,1969-06-06,Other,Divorced,1,1,1,1,1,0
kellidavis,NB&x(3PfSr,matthewramos@example.com,Deborah,Atkins,1991-06-22,Female,Divorced,1,1,0,0,0,0
patricia02,^H4*ypAcSR,cynthiawalker@example.net,Kenneth,Washington,1982-04-08,Male,Single,1,1,0,0,0,1
beckyduarte,5JP$RwdY)6,derek59@example.com,Samuel,Bailey,1991-05-18,Other,Divorced,0,1,1,0,1,1
mary89,ltYfb_oQ)3,christopher89@example.net,Crystal,Frye,1944-08-14,Male,Single,0,0,0,0,1,1
fgriffin,_0IZAq9uDq,baileyandrea@example.com,Cheryl,Delgado,1995-06-23,Female,Married,0,1,0,1,1,1
watkinssarah,kR+1WLLo3*,scastro@example.org,Cassandra,Brown,1983-09-17,Female,Single,0,0,0,0,1,0
ramoscarl,!NBL&QVz28,suttonsteven@example.net,Cynthia,Washington,1958-08-20,Female,Single,0,1,0,1,1,1
usmith,^(W1HxEro1,brittany90@example.net,Patrick,Weaver,1965-11-07,Male,Divorced,1,1,1,0,0,0
foxbrandon,+2Yw3f4huv,chernandez@example.com,Lisa,Lewis,1979-07-08,Female,Single,0,1,1,0,1,1
wedwards,05pBCXok!Z,ruizlisa@example.net,Angel,Martin,1992-09-24,Other,Married,0,1,0,1,0,1
stephanie87,LfG^5EJz#J,michaellester@example.org,Emily,Stuart,1994-01-26,Male,Married,1,0,0,0,0,0
morganlowe,&6ZXbHDpOS,millerdawn@example.net,Danielle,Barrett,1965-06-12,Other,Married,0,1,0,1,1,1
michelle07,xfZ!1$Mm!1,lovebryan@example.com,Shelley,Sharp,1991-01-23,Male,Married,1,1,0,1,1,0
thomaselizabeth,f^8ZUtL$%m,loweryeric@example.net,Jesse,Rogers,1959-09-09,Other,Married,0,1,1,0,0,0
taylorsmith,^t91FjktJQ,caitlincooper@example.net,Andrew,Wright,1973-04-08,Other,Single,1,0,0,0,1,0
mark72,+5k5jL84b3,lindsey60@example.net,Chad,Wallace,1987-05-23,Female,Married,1,1,1,0,0,0
angelacortez,%A3A50pfN3,robertsonmolly@example.com,Melinda,Burton,1946-10-04,Female,Married,0,1,1,1,0,0
charlesrogers,v9AZ7TeD#o,aaronchambers@example.net,David,Hansen,1972-06-01,Male,Married,0,1,1,1,1,0
brianavila,&5nGsiLFDV,samuel94@example.org,Jessica,Zavala,1983-02-19,Other,Married,0,1,1,1,0,1
penacameron,96A+vWuF*8,sphillips@example.com,Cassandra,Jones,1971-07-12,Male,Divorced,0,0,0,0,1,0
sanchezrobert,t+D2UBp6cm,ekemp@example.net,Richard,Allen,1997-09-25,Male,Married,1,0,0,1,1,1
john83,V%f9ESNs$*,amurphy@example.net,Shelly,Chase,1987-05-12,Male,Married,0,1,1,0,1,1
travishughes,4*cKb2Xy#1,ygarcia@example.net,Julie,Miller,1987-10-13,Male,Divorced,1,0,0,0,0,0
dukesherry,#5USP^4koQ,lmartinez@example.com,Thomas,Curtis,1947-10-11,Other,Single,1,0,0,1,1,1
richteresa,+jw7UKN^t8,lmorales@example.net,Robert,Garza,1980-07-20,Female,Single,0,0,1,0,0,0
michelle76,gopSoMDo!1,nbeltran@example.org,Katherine,Goodman,1944-11-20,Male,Divorced,0,1,0,1,1,1
tdean,0uXoY7%a#7,vincent27@example.org,Elizabeth,Snyder,1975-06-08,Female,Single,0,0,0,0,0,0
kristopher08,e4DjTDFop&,maddensandra@example.org,William,Trevino,1998-06-12,Male,Single,0,0,0,1,0,1
joshua06,P&Gun#Bj17,joshuarichardson@example.net,Cameron,Blackwell,1970-01-27,Female,Married,1,1,1,1,0,1
cheath,$EhrH7MzW6,nataliethompson@example.com,Desiree,Navarro,1969-12-04,Female,Single,1,0,0,0,1,1
leroy59,S4Am1AUT*u,xpearson@example.com,Jeanette,Rivas,2004-01-29,Female,Divorced,1,1,0,0,1,0
ramosmary,&nUWtX_VT0,bryancain@example.com,Tony,Davidson,1956-12-13,Male,Divorced,1,1,0,1,1,1
linda24,(5D9nzQnh0,bautistaelizabeth@example.com,Gary,Ruiz,1978-09-28,Male,Married,1,0,0,1,0,1
jessicaknight,1NX$A%%k^f,paula49@example.net,Mary,Brown,1975-05-03,Other,Married,0,0,1,0,0,1
joseph82,&TP1fq4y4b,obenton@example.net,Jeffrey,Beard,1947-02-16,Female,Single,0,0,0,0,0,1
brandon78,)9PkVMlb45,eleon@example.org,Mike,Bowen,1959-02-20,Male,Single,1,1,1,1,1,1
james85,$93uIroAuL,hamiltonsharon@example.net,Matthew,West,1957-03-23,Male,Divorced,0,0,0,1,0,1
jocelynyoung,k2FUA$yg)4,drewlin@example.org,Carla,Lane,1990-06-06,Other,Divorced,1,1,0,0,1,0
sheenabrady,Z8EV9VLq&n,rebeccamueller@example.org,Kelli,Johnson,1959-03-22,Female,Married,0,0,1,1,0,1
alyssapierce,!a1U$6YiK7,dunlapdawn@example.org,Jerry,Morales,1953-12-07,Female,Divorced,0,1,1,0,1,1
lauren78,nq@5iWi(PW,jasonkennedy@example.com,Katie,Anderson,1981-02-04,Male,Married,1,0,1,0,0,0
pbarnett,^SQD2W2Wv2,millerlauren@example.net,Deborah,Harrison,1973-02-18,Female,Married,0,1,1,1,1,1
zking,&ZH7teCbbP,ahernandez@example.com,Melissa,Patterson,1970-08-06,Male,Single,1,0,1,0,0,0
kiara58,9r04f4Bp^M,nhenry@example.net,Mark,Martin,1967-05-20,Female,Single,1,0,1,0,0,0
fowlererica,Fi1Jbjo1(%,foxlaura@example.net,James,Gordon,1947-05-20,Other,Married,0,0,1,0,0,1
burnsshari,!r2ZD$qobS,jesse82@example.net,Wendy,Miller,2006-07-19,Female,Single,0,0,0,1,1,1
ycurry,&d5d5SNFp7,michelle80@example.com,Kenneth,Adkins,1994-08-15,Female,Married,1,1,1,1,0,0
katelynjones,y)4LdyyZtY,lprice@example.org,Janice,Bryant,1994-09-03,Other,Single,0,0,0,0,1,1
donnaanderson,1SC4AiJWC*,scotttimothy@example.org,Barbara,Mcmillan,1946-07-11,Female,Divorced,1,1,1,0,1,1
elizabethfitzgerald,O52arEdr@A,kevin33@example.org,Sandra,Rodriguez,1945-09-01,Female,Divorced,0,0,1,0,1,1
andrea84,&aq%MFbnB1,frobinson@example.net,Benjamin,Hernandez,1977-12-23,Male,Single,1,1,0,1,0,0
heidigreen,g441ePYw#%,matthew57@example.org,Melissa,Garrett,1999-12-23,Other,Married,0,1,0,0,1,1
alexandramorris,1&)y#Mdx*0,makayla01@example.net,Wendy,White,1972-12-16,Other,Married,0,0,1,1,1,1
miguelhutchinson,$2SKtStYoc,alyssafuentes@example.com,Tina,Nguyen,1972-06-29,Female,Divorced,1,1,1,0,1,0
kboyle,c*5RGhD%ID,matthewdean@example.org,Lori,Price,1999-07-16,Other,Married,1,1,0,0,0,0
ricejesse,J9sHSNe%+H,holdenjulie@example.com,Mark,Bennett,1986-04-17,Other,Divorced,1,0,1,0,0,1
markgonzales,(KpIalwnH1,henryeddie@example.com,Christina,Lozano,1969-03-14,Other,Single,1,0,1,0,0,0
maurice19,@XjNvCCTt1,emily41@example.net,Guy,Baxter,1973-01-10,Other,Single,1,1,1,0,1,0
brandi75,i)^&08YcoK,garciashelly@example.net,Megan,Zuniga,1982-01-01,Female,Divorced,1,1,1,1,1,0
rhodge,)c6IxdmEq@,hansenmark@example.net,Brittany,Riley,1966-06-21,Other,Divorced,1,0,0,0,0,0
jonathancampbell,%bBR#OE(O4,hernandezaustin@example.com,James,Tran,1952-09-01,Male,Married,0,0,1,0,1,1
gmcdonald,Dzm!w*nP&8,ronald08@example.org,Carol,Trujillo,1996-01-08,Male,Married,0,0,0,0,1,0
nicholas92,^3GqbXMh!r,tabitha12@example.org,Todd,Johnson,1995-01-03,Male,Single,1,1,0,1,1,1
stevenholt,$&Oa+e&M75,diazthomas@example.org,Paula,Buck,1984-10-08,Male,Married,1,1,0,0,1,0
kcontreras,9PJb+Qq$$*,jennifer23@example.net,Amanda,Moran,1956-04-18,Male,Divorced,1,1,1,0,1,1
rmedina,HVX!YWbf_3,barneswesley@example.org,Michael,Hampton,1957-11-04,Other,Married,1,0,1,1,0,1
deborahhicks,)28_Pe#@J3,kathleengraves@example.com,Kristen,Fowler,1988-08-11,Other,Divorced,1,0,0,1,0,1
dennismelissa,ET(4gQ+wV_,greenalexandra@example.net,Whitney,Simon,1966-06-05,Other,Single,1,1,0,0,0,0
burgessallen,d5OB1sDb+H,uking@example.net,Diane,Miller,1947-06-19,Male,Divorced,1,0,1,0,0,1
amber51,^3$tHhPe3R,oandrews@example.com,Jessica,Warren,1995-01-10,Other,Single,0,0,0,0,1,0
cevans,VV8%F7mV9&,charles82@example.net,Jared,Brown,1988-09-04,Female,Divorced,1,0,0,1,0,1
zthomas,%#4!UgP0t1,ashlee49@example.org,Lisa,Martinez,1999-02-27,Male,Single,0,0,1,0,0,0
bryantjulie,l296wXaJ!W,smontoya@example.net,Michelle,Davidson,1972-03-05,Female,Single,0,0,0,1,1,1
keithjones,6I(FU)wm@5,nbarnes@example.org,Shane,Richard,1984-01-31,Male,Married,1,1,1,1,1,0
charlesmichael,)41XNPXm*J,jonescarrie@example.org,David,Walsh,1970-07-23,Other,Divorced,0,0,1,0,0,1
ksteele,xz_8$bLh85,narmstrong@example.com,Courtney,Chavez,1953-02-24,Male,Married,0,1,0,1,0,0
cynthia38,Zq_i1FDb_Y,jennifergibbs@example.com,Zachary,Phillips,1996-02-23,Male,Single,0,0,1,1,0,0
haynesgregory,%A7ZPzwU8@,neil18@example.org,Mary,Jimenez,2006-07-09,Male,Married,0,0,0,0,1,0
matthewsmith,#Eh6G6Gtx6,troy84@example.org,Tara,Ryan,1996-11-19,Female,Single,0,1,0,1,1,1
rebecca95,w#bc9dMf(6,wilsontimothy@example.net,John,Wood,1953-07-01,Other,Single,1,0,0,1,1,0
jeffreyboone,@6h49TY6z_,garciajames@example.com,Andrew,Robinson,1997-03-15,Female,Divorced,0,1,1,1,0,1
steinmark,&gIzl83tE1,ngreen@example.com,Chad,Davis,2005-11-25,Female,Divorced,1,0,0,1,0,0
brittanykennedy,@Ay2TC4tV(,feliciavaldez@example.org,Sandra,Ramirez,1995-09-28,Male,Single,0,0,1,0,0,0
tlopez,V9Ot*144)k,hvaldez@example.org,Ashley,Lucas,1944-04-18,Male,Divorced,1,0,0,0,0,0
sean58,a$#w(6Vq(b,raymichelle@example.net,Kendra,Norman,1968-02-15,Male,Single,1,0,1,0,0,0
maryyoung,#zNf9N8nx8,kerri69@example.net,Nancy,Vasquez,2004-09-01,Other,Divorced,1,1,0,1,1,0
yvillanueva,%9Uu!sHsQI,cynthia63@example.org,Elizabeth,Lopez,1987-10-27,Other,Married,0,1,0,1,0,1
jason66,!tT(RC4yx1,sarahthomas@example.com,Devin,Dennis,1985-05-05,Male,Single,0,0,1,1,1,0
petersbrianna,!(IoTTd^1z,ylee@example.com,Kristina,Roman,1982-03-17,Other,Married,0,1,1,1,1,0
thomasjoshua,tCr1QIb6)U,stephanietaylor@example.org,Yolanda,Smith,2004-03-20,Female,Married,0,0,0,1,1,0
wareheidi,7uGD6Bqa+J,samuel47@example.net,Chad,Wilson,1992-07-19,Male,Married,0,1,1,0,0,0
riverasamantha,q8eVP#AK!y,edwardthomas@example.org,Tonya,Clark,2001-03-11,Female,Married,0,0,0,1,1,1
ogeorge,_3^Bnoz6r2,gonzalezashley@example.net,Kelly,Bird,1996-04-24,Other,Married,1,1,0,0,0,1
melindamyers,9)3jIPyq&1,michaelparker@example.net,Edward,Davila,1954-09-12,Male,Divorced,0,1,1,0,0,1
wproctor,_Ct_y7#k3s,fosterstephanie@example.net,Paul,Rodgers,1950-04-03,Other,Single,0,1,0,0,1,0
alexismelendez,*W+mE5e!p+,timothy68@example.org,Ashley,Rivera,1965-07-22,Female,Divorced,1,1,1,0,1,0
kmejia,)ujzerB(a0,michael11@example.net,Robin,Martin,1983-03-20,Female,Divorced,1,0,0,1,1,1
aaustin,l*CR4Anjrq,toddroger@example.net,Mark,Potter,1977-01-22,Other,Divorced,0,1,0,1,0,0
xlane,!k3A(w7qk0,marksmith@example.org,Scott,Wood,2001-01-08,Male,Married,1,1,0,0,0,1
todd53,CV38DoUlE*,yperez@example.net,Dorothy,Perez,1986-11-01,Male,Married,0,0,0,0,1,1
anne63,e$_I4ZmG6g,imoran@example.net,Jacob,Stone,1998-10-14,Other,Single,1,1,0,0,1,1
jenniferjohnson,h1_JgVac_1,vkim@example.net,Jacob,Murray,1983-10-07,Male,Married,1,0,0,1,0,1
martinezsherry,C1bZqHNa+S,xjohnson@example.net,Christopher,Hernandez,1964-03-28,Male,Divorced,1,1,1,1,0,0
andrewsteresa,mkRKvp)w^4,hallcynthia@example.com,Richard,York,1951-10-10,Male,Single,0,1,1,0,1,0
douglas61,St1B@qU6@c,wpalmer@example.com,Sara,Dennis,1976-04-27,Male,Single,1,1,0,1,0,1
ssimmons,+ZA4#KQr^6,njones@example.com,John,Davis,1995-04-19,Other,Single,0,1,0,1,0,0
jennifersmith,@i6Nd#ni#5,durhamkristy@example.com,Madison,Hayes,1959-06-10,Other,Single,1,1,1,0,0,0
alisonanderson,x26RZplo_5,lewisbruce@example.org,Anthony,Gill,1968-03-07,Other,Married,0,1,1,0,1,1
justinward,@8UJqTLoXt,davidwilson@example.org,Mary,Parker,1954-06-25,Male,Married,0,1,0,0,0,0
sandraparker,cQ1@6FtDT+,james75@example.net,Joshua,Kelly,1996-06-20,Male,Divorced,0,1,0,0,0,1
jasminedurham,#6P8%Jxv^0,sethmiddleton@example.com,Darryl,Garrett,2000-09-15,Male,Divorced,0,1,0,1,0,0
iroach,)OUfadYhy5,cmiller@example.org,Christina,King,1978-03-21,Male,Single,1,0,1,1,1,1
hansenernest,UXVKv2Sw^2,brownkyle@example.net,Derek,Larson,1951-02-18,Other,Married,0,0,0,1,1,0
kriggs,_3lV^rx#c@,schultzlauren@example.net,Brenda,Robinson,1946-11-08,Male,Divorced,0,1,0,1,0,1
david94,%pfoRVrCK1,julie60@example.com,Walter,Anderson,1985-08-12,Other,Single,0,1,0,0,1,0
goodwinjohn,Du9Tqvoxm%,murphyallison@example.com,Julia,Gray,1956-04-08,Male,Married,1,1,1,1,1,0
gary86,L$l70Sq2(+,wileycarolyn@example.net,Gloria,Frazier,1986-01-11,Male,Married,1,0,1,0,0,1
jonathanwilliamson,Kn6DziehJ!,danielle80@example.net,Benjamin,Navarro,1946-10-01,Male,Married,1,0,0,0,0,1
carlos39,Ll9Mrr1zl#,stacey59@example.net,Rhonda,Morales,1961-11-10,Other,Divorced,1,1,0,1,0,0
susan24,_2++UQlUFy,jessica12@example.org,Daniel,Atkinson,1985-07-15,Male,Divorced,1,1,0,0,1,0
andrewalvarado,ox57Ai!1j_,kacosta@example.com,Hannah,Marks,1959-03-12,Male,Divorced,1,0,0,1,1,1
dwagner,)ep$4G8dWL,jamesdavis@example.org,Rebecca,Todd,1983-08-23,Other,Divorced,1,1,1,1,1,0
theresa77,+yPq^RmH)8,pedwards@example.com,Ann,Mcmillan,2004-04-21,Female,Single,1,1,0,1,0,0
ronaldbell,0QYZnGmo@&,iwilliams@example.org,Amanda,Carter,1956-02-07,Male,Single,1,1,1,1,0,1
gregoryjordan,_3y1DT5zt%,juan97@example.org,Robert,Harrington,1949-08-11,Female,Single,1,1,1,1,1,0
montoyachristopher,^x9W#DUq!_,cochranamanda@example.com,Joel,Francis,1962-05-13,Female,Single,1,1,1,1,0,0
qanderson,X&5#GBihQ),padillaandrea@example.com,John,Rogers,1979-07-18,Other,Married,0,1,1,0,0,0
thomaskristina,z(5AnkEx#d,mwhite@example.org,Kristin,Scott,1998-12-21,Male,Divorced,0,1,0,1,1,0
micheal08,a(5F+Dlp_8,daniellemyers@example.net,Cheryl,Castro,1950-08-16,Male,Divorced,1,1,1,1,1,1
tiffany59,TuR6pkO^*5,john73@example.com,Jonathan,Lewis,1974-07-22,Other,Married,0,1,0,0,1,1
jonesmatthew,!EN^&l6w&2,bradmoore@example.net,Kelly,Luna,1967-11-30,Female,Married,0,0,1,1,0,0
josephmartinez,!1cQMbo!ig,kenneth40@example.com,Latoya,Davis,1968-01-09,Male,Married,0,1,1,1,1,0
gwendolyn48,SpNoIv#y#6,tuckerdestiny@example.net,Brian,Mills,1970-02-06,Female,Married,0,1,0,0,1,0
huntkimberly,240P#ys7!@,carterdouglas@example.net,Marvin,Morton,1974-03-07,Other,Single,0,0,0,0,0,0
eadams,UU2xI)n@!4,candrews@example.net,Valerie,Coleman,1974-03-28,Male,Single,0,1,0,0,0,0
samanthaoneal,k00CoXOx!u,lindseybarnett@example.net,Brooke,Michael,1960-03-02,Male,Single,1,0,0,1,0,0
andrea11,7uL#AIwy)d,annayates@example.net,John,Briggs,1990-02-02,Female,Single,1,0,0,0,1,0
wigginsyvonne,^KQb#&!x5&,traci94@example.org,Sharon,Sullivan,1993-02-18,Female,Divorced,0,0,1,1,1,0
andrewhall,^20RqsXcg2,andrea53@example.com,Timothy,Zimmerman,1968-11-05,Other,Single,0,0,0,0,1,0
kirkpatrick,&mWlkPh48),charlesanthony@example.com,Kevin,Baker,1977-02-12,Female,Single,0,0,0,0,1,1
lbarker,V*#M9NHc@0,simmonsangela@example.com,Robert,Mckenzie,1961-02-16,Female,Married,0,1,0,0,1,1
jenna89,DN87lauqG&,adrian01@example.org,Pamela,Hansen,1988-11-29,Female,Married,0,1,1,0,0,1
zgriffin,&iLfdU^b0B,margaret05@example.com,Thomas,Crawford,1948-06-18,Female,Single,0,1,1,0,1,1
pattyflores,$xpInwIw9&,hmyers@example.com,Rachel,Mcconnell,1951-10-12,Other,Divorced,1,0,1,1,0,0
williamslaura,4h)6PudIzd,christopher23@example.net,Larry,Cameron,1986-12-12,Male,Married,1,1,0,0,0,0
morriscarol,_8OR1R_fOi,richard61@example.net,Michele,Greer,1985-01-18,Other,Single,0,0,1,0,1,0
lindanorman,WCm%Lsro!0,erice@example.com,Deanna,Hurst,1944-03-09,Female,Married,1,0,1,0,1,1
parkerhaley,uI^9vKchcu,kporter@example.com,James,Elliott,1978-03-19,Female,Single,1,0,0,0,1,1
sandraowens,I00SkWlVo!,pattersondavid@example.net,Cody,Mckee,1971-11-23,Other,Single,1,0,1,1,0,0
paul27,_cB4BX^d75,whitechristopher@example.org,Elizabeth,Lynn,1947-10-17,Other,Single,0,1,0,1,0,0
syoung,)5CGXKbNgy,johnsonkimberly@example.org,Louis,Heath,1945-09-02,Male,Married,0,1,0,1,0,0
belltina,^MBRwpAL_3,pattersonjennifer@example.org,John,Williams,1951-12-26,Male,Married,1,0,1,1,0,1
loganrichard,Th&xCGO)&2,yvelasquez@example.net,Susan,Gregory,1974-04-18,Female,Married,1,1,1,1,0,0
timothy10,13rJ+wEn)3,donna65@example.com,Damon,Schneider,1955-02-08,Other,Married,1,1,0,0,0,1
jacobglenn,Wd+2Q)kA*2,suzanne00@example.org,Thomas,Anderson,1946-10-01,Other,Married,0,1,1,0,0,0
scraig,!xK@ns#VM2,jenniferhickman@example.net,Michael,Parker,1974-12-17,Other,Married,0,1,1,1,0,1
stevensscott,meLvyvJc(2,westbecky@example.net,Angela,Marquez,1988-10-09,Male,Divorced,1,0,1,1,1,1
randall70,pM8e9MRcu$,gmiller@example.com,Bridget,Pitts,1946-09-07,Male,Divorced,1,1,1,1,0,0
freese,#$6I*saB4w,michellecook@example.net,Charles,Bennett,1989-01-20,Male,Single,1,0,0,1,0,0
nelsonbobby,G%3GWr9y#8,melissa01@example.net,Emily,Wright,1962-03-30,Other,Divorced,0,1,0,1,1,1
scott14,1ZZwgo!i#1,simmonsmarcus@example.org,Jonathan,Hernandez,1956-05-09,Other,Single,1,0,0,0,1,1
gregoryturner,5m&K3Jcf_Z,ayalanicolas@example.net,Michael,Olsen,1991-11-11,Other,Married,1,1,0,1,0,1
juliewilliams,)RqXCh$gn2,curtis92@example.net,Joseph,Fields,1960-10-21,Female,Single,1,1,1,1,1,0
dduncan,yG36EUckB+,andrea73@example.net,Kyle,Weber,2003-12-29,Other,Married,0,1,0,0,1,1
sharon29,#XV@AXbP%3,williamsangela@example.com,Aaron,Jones,1970-12-22,Female,Single,1,0,1,1,0,1
ramirezalexis,*0$YzxEE!e,brodriguez@example.com,Nathan,Valdez,1974-05-02,Female,Married,1,1,1,1,1,0
marissawatson,z&e5$Yt0P1,arichards@example.org,Jenny,Rice,1985-04-06,Other,Single,0,1,0,0,0,0
millerbrittany,%6DT!qiy&a,martinezwendy@example.org,Lindsey,Norris,1973-12-01,Female,Divorced,0,0,1,1,0,0
millerlinda,)rYh99Ayon,stephanie21@example.org,Melissa,Mccarthy,1994-05-17,Female,Married,1,1,1,0,1,0
flowersmatthew,ii13Dkgek*,lisamiller@example.com,Brent,Little,1975-12-10,Other,Single,0,1,0,1,0,1
nguyenpamela,bv#BquRa_3,lhawkins@example.com,Kimberly,Tucker,1970-04-02,Other,Married,1,0,1,1,0,0
costaphillip,jy^g3M&d%O,estevens@example.org,Bob,Costa,1986-11-29,Male,Divorced,0,1,0,1,0,0
lindacruz,96OoLh(N!Z,pparsons@example.org,Rodney,Lopez,1970-06-19,Other,Single,0,1,0,0,0,1
martinheather,+##8NRgu!9,hicksmckenzie@example.com,Sheryl,Reese,2000-04-22,Male,Married,0,0,1,1,0,1
garciadavid,%4pcgmRhow,baldwinkelly@example.org,Jack,Cole,1947-06-16,Other,Married,0,1,0,0,0,1
jamesbrady,Si5MfZyj*!,robert93@example.org,Patricia,Dickerson,1978-06-15,Male,Married,1,1,1,0,0,1
davistina,@8%2+IHg$8,michael13@example.com,Holly,Swanson,1985-07-28,Female,Married,0,1,1,1,1,1
nicholasball,b37QJTf(*I,pcowan@example.net,Rebekah,Collins,2001-07-31,Female,Divorced,1,1,1,1,1,1
kingrussell,M$_5G##zoe,bridgesolivia@example.com,Derek,Stokes,1958-12-08,Other,Married,0,1,1,1,0,1
hatfieldchristine,5Kjr%7(u$_,jason92@example.com,Michael,Gonzalez,1965-10-13,Female,Single,1,1,0,1,1,0
wilsonfrank,&6BUQzxZIr,smithstuart@example.net,Carrie,Dunlap,1994-05-19,Other,Divorced,0,0,1,0,1,1
holmeszachary,IdOReKqn#9,wayne81@example.net,Andrew,Cox,1944-11-05,Other,Married,0,1,1,0,0,1
bwhite,^$#R*+Grh3,eriley@example.net,Kathryn,Jones,1962-06-20,Other,Single,0,1,1,0,0,0
gillerin,h9ObsC$_*3,donaldrodriguez@example.org,Joshua,Nash,1976-10-29,Other,Married,1,1,0,1,1,1
kanecassidy,#d_h4PkxRK,alexandria10@example.org,Deanna,Suarez,1988-02-06,Other,Divorced,1,1,1,0,0,0
jessebrown,BJ6B7nnH)%,christianmathis@example.net,Rebekah,Hodges,1954-03-03,Male,Single,1,1,0,1,1,1
david00,(z)R6wg^8i,pkelly@example.net,Brandon,Ashley,1972-07-31,Female,Married,1,0,0,0,0,0
lisacortez,H^34UiiE@0,loribradley@example.net,Dakota,Howard,1958-09-16,Male,Single,1,1,1,1,1,0
zmcconnell,S+c@5L5wIf,deborah07@example.com,Howard,Ingram,1971-09-20,Female,Divorced,1,0,0,0,1,1
hsalazar,RM_jG^Wu@6,bondrachel@example.net,Alan,Owens,1960-06-27,Female,Divorced,1,1,0,1,0,0
theresa71,OKb8YGYxC(,paynemichelle@example.net,Crystal,Mathews,1990-01-05,Male,Divorced,1,0,0,0,0,0
awarren,4ROztK^p)1,lisa02@example.org,Joshua,Holmes,1998-06-25,Male,Divorced,1,0,0,0,1,1
jbraun,8zAf@Q6n+U,cstewart@example.com,Tina,Lin,1948-05-26,Male,Single,0,1,1,1,1,0
atyler,4&70Selg^F,kathleensimpson@example.com,Jessica,Williamson,1956-06-20,Male,Married,0,0,0,1,1,0
luisjordan,z%64(ReuA*,anthony96@example.com,Alex,Dunn,1946-05-19,Female,Divorced,0,1,1,0,1,0
frankgould,ldE9UnKt#8,bdiaz@example.org,Henry,Owens,1995-03-18,Male,Divorced,1,1,1,0,0,1
kristen74,E2WMroU!(x,ymalone@example.com,David,Phelps,1946-09-15,Other,Divorced,0,1,1,1,0,1
apeterson,&5!GIXWt^I,francodiane@example.net,Melinda,Donovan,1993-12-15,Male,Single,0,0,0,1,0,0
careymark,*7Rkqxt62A,harold14@example.net,Kellie,Rogers,1956-10-15,Male,Married,0,0,0,1,1,1
jeffreypierce,1p&Yg#sd@5,morgan47@example.org,Alan,Campos,1948-02-10,Female,Divorced,1,1,1,1,1,1
thomastrevino,+SN&91Ze!A,ylittle@example.net,Cynthia,Aguilar,1959-04-10,Other,Single,0,1,0,1,1,1
vharrell,%oPan&zDc5,wmartin@example.org,Gary,Edwards,1992-08-09,Male,Divorced,0,0,0,0,1,0
jonesscott,y9H!tZeB%n,howardbrandon@example.org,Katherine,Watts,2005-11-10,Male,Married,1,1,1,1,0,1
xjohnson,+PoNYDt580,elaine60@example.net,Brenda,Gonzalez,1992-11-23,Other,Single,0,0,0,0,1,0
cooleycarl,!*Y7aIGw3G,dconrad@example.org,Lindsey,Odom,1947-03-30,Female,Single,0,0,0,1,0,1
derek51,+1*9Zg7oTS,katherinesmith@example.net,Vanessa,Rocha,1967-06-10,Female,Divorced,1,1,1,1,1,1
blakedana,)U0Qdyose2,glennodom@example.com,Jon,Garrett,1980-11-18,Male,Married,0,0,0,0,0,0
mgriffin,(8PNn(Zqgc,williamsrobert@example.com,Ronald,Hanna,1993-01-25,Other,Single,1,0,1,1,0,1
wjoseph,zE)7D4Dm3t,butlerronnie@example.net,Kathy,Santos,1968-06-08,Female,Divorced,1,0,0,1,1,1
isaac88,jw1GNIod#9,fullerdavid@example.org,Erica,Riley,1956-01-13,Female,Single,0,0,0,0,0,1
millermichael,3MS$0Zo3Zt,prestontina@example.org,Angela,Gross,1980-01-14,Female,Divorced,1,0,1,0,1,1
jenna40,er2rM1LLp+,omarshall@example.com,Kevin,Ruiz,1964-06-06,Other,Married,0,1,1,0,1,0
woodsdanielle,^1IxTjozZl,patrickdavid@example.org,Brittany,Cruz,1976-01-24,Female,Married,1,1,1,0,0,1
devin42,Y+5ZDmbnt*,wayne57@example.org,Lisa,Webb,1993-08-02,Other,Divorced,1,0,1,1,0,0
angelmartinez,)#0&+CeM)8,egarrett@example.com,Melissa,Perry,1952-06-23,Male,Divorced,0,0,0,0,0,0
wlane,VA2Eu@1dF+,fred52@example.net,Matthew,Davis,1949-06-07,Male,Single,1,0,0,1,1,0
fhood,ff8pYoyWJ+,kevin69@example.org,Patrick,Pearson,1970-08-28,Other,Divorced,0,1,0,0,1,0
austinjames,#hErFUli6U,chayes@example.com,Christina,Hodges,2004-01-30,Other,Single,0,1,1,1,1,0
whitemichael,&9KLXi+XbR,leepage@example.net,Pamela,Cox,1997-11-21,Male,Single,1,0,1,1,1,1
cheyennerichard,xKq%8Hlpng,mark73@example.org,Mark,Adams,1973-11-15,Female,Divorced,1,1,1,0,0,1
thomasjames,$!R66Nazpg,wilsonmatthew@example.org,Daniel,Harrell,1974-04-13,Male,Single,0,0,1,1,0,0
michaelstevens,7k_!7LCq&D,donnajackson@example.net,Dennis,Martinez,1956-05-31,Male,Divorced,1,0,0,0,0,0
khayes,wN6Ent8w$r,shawamanda@example.net,Anna,Lee,1980-03-09,Other,Single,0,1,1,1,1,1
zacharycarter,&+V0aFZluQ,marshlogan@example.org,Janice,Payne,2000-10-15,Female,Married,1,0,0,1,1,0
rebecca03,e$8K#0%sFt,kevin24@example.com,James,Larson,1949-10-01,Male,Divorced,0,1,1,0,1,1
louis89,$wFeMPBM1a,qbrown@example.net,Jacob,Morris,1957-09-07,Other,Single,0,1,0,1,0,1
amber42,PtjA2C^uQ%,lynchalexa@example.net,Laura,Wells,1946-11-26,Male,Divorced,0,0,0,1,0,1
julian18,gFUFwm9Y+8,vazquezdavid@example.net,Elizabeth,Ross,1968-01-30,Female,Married,1,1,0,1,0,0
danielle33,keCoGl)T+1,tmoody@example.com,Victoria,Day,1976-03-31,Female,Divorced,1,1,1,1,1,1
guerrerobrenda,b2eYLr*F+p,medinavanessa@example.net,Amber,Pham,1983-02-01,Male,Single,1,0,1,1,0,1
smithmichael,#4buP(AsIC,billdominguez@example.com,Nina,Robinson,1989-11-02,Other,Divorced,0,1,1,0,0,0
eric28,@Ae7YC2aFI,jdalton@example.com,Denise,Little,1989-03-20,Other,Married,1,1,1,1,0,1
omcmahon,fh0Q^+jw&u,carrie44@example.org,Gregory,Leonard,1949-11-10,Other,Single,0,0,1,1,0,0
qbarrett,Q90HNAuW*_,anitacurry@example.com,Zachary,Kennedy,1980-11-30,Male,Single,0,1,1,0,1,1
johnnyjohnson,S0jZvQkc%g,matthewsmith@example.com,Gary,Diaz,1985-06-23,Female,Single,1,1,1,1,0,0
whitegeorge,!2ZObPAaRY,sandovalkathryn@example.com,Erin,Miller,2002-11-02,Female,Single,0,1,1,0,0,0
smithchristina,(uERLfp)z9,awong@example.net,Pamela,Branch,1945-08-13,Female,Married,0,1,1,0,1,1
kevinbarnes,03rMLiZc@d,hahnshannon@example.net,Matthew,Orr,1997-06-15,Male,Married,0,1,0,0,0,1
stephanie68,*e6M)@XuHQ,aaronjohnson@example.net,Tonya,Wong,1960-05-28,Male,Single,1,0,0,0,1,1
xmartinez,0%@0EZra(i,michaelsantos@example.org,Dillon,Beard,1978-10-11,Other,Married,0,0,0,1,1,0
amy88,%4INiZ1v4^,ronald86@example.net,Gregory,Griffin,1998-12-07,Other,Married,1,0,0,1,1,0
james49,Lmk+2Wmr_!,sandrakirk@example.com,Joshua,Norris,1962-10-23,Other,Single,1,1,1,1,1,1
james57,jq*0sWLxmh,amysmith@example.net,Austin,Wilson,2002-10-16,Male,Married,1,0,0,1,1,0
alec83,E9ZVM&5u!V,tyler41@example.net,Jay,Smith,1997-08-15,Male,Married,1,1,0,1,1,0
petersonjohn,D)U4QW#p8S,mcdowellpriscilla@example.net,Frank,Colon,1949-11-29,Male,Single,0,0,0,0,0,1
wadechristopher,lL_71ErC^%,trodriguez@example.org,Mary,Thomas,1946-07-06,Other,Married,1,0,0,1,1,0
yanderson,6kQCDjwH$8,judycarrillo@example.net,Patricia,Graves,1954-07-16,Other,Married,1,0,0,0,0,1
stephenjacobs,%dLb_@gzd8,jack66@example.net,Brandy,Riddle,1962-05-02,Male,Married,0,0,1,0,0,1
richard52,_+t9HaN*%Z,sherriguzman@example.net,Joseph,Coleman,1976-01-20,Other,Single,0,1,0,1,1,0
gomezchristine,@0^Eub6AdM,millsvictoria@example.net,Megan,Wilson,1989-03-27,Female,Married,1,0,1,1,1,1
phernandez,&2ZFGW&jFL,adamskeith@example.com,Tammy,Lawson,1955-12-15,Other,Married,1,0,1,0,0,0
johnsonjames,8B$0Zwyz%O,davisdavid@example.net,Cathy,Harrison,1984-07-03,Female,Single,0,1,1,1,1,1
gibsonandrew,&7%AgeqWyq,wmedina@example.com,Jessica,Sims,1978-10-27,Other,Divorced,1,0,1,1,1,1
stacybrown,!_Ck0NKqMT,angelaluna@example.com,Crystal,Romero,2003-04-02,Male,Divorced,1,0,1,0,0,0
tharris,I_B)6aYugR,stephenramirez@example.com,Cory,Smith,1983-01-25,Female,Single,1,0,1,1,1,1
zrandall,A#^6Cf6gsE,kathleen85@example.org,Lynn,Simmons,1953-04-23,Male,Single,0,0,0,0,1,1
courtneycastillo,*IG4XDUutk,jroman@example.com,Michael,Robinson,1975-01-12,Female,Divorced,0,0,0,1,0,0
qmiller,$Q)1FZyEcq,sturner@example.com,Gary,Taylor,1983-10-10,Other,Married,0,0,1,0,0,1
daniellereed,k8nzLhH1_c,megan39@example.com,Heather,Lloyd,1947-12-02,Other,Divorced,0,1,0,1,1,0
lauradavis,r)1FJTx6)B,kayla87@example.com,Keith,Barry,2005-12-25,Other,Single,0,0,1,0,0,0
samanthasaunders,p@2)4JApfA,fowlerangelica@example.net,Emily,Soto,1948-07-02,Female,Married,0,1,0,1,1,0
denise28,I16!FE6nD@,brandihall@example.net,Johnathan,Randolph,1969-06-02,Male,Single,1,0,1,0,0,1
urobinson,#qf7ROwu@J,dana65@example.org,Jacqueline,Cain,1972-02-28,Other,Married,1,1,1,0,1,0
ewalker,hn&2Rmsk!(,cjohnson@example.org,Andrew,Smith,1969-08-22,Other,Single,1,0,0,1,1,0
castrojohn,S%6PpMiDNr,harry71@example.net,Michael,Matthews,1982-10-29,Other,Single,0,0,1,1,0,0
gonzaleseddie,ciw@KcR4^1,chadsmith@example.org,Linda,Rosario,1978-05-03,Other,Divorced,0,1,0,0,0,0
karispence,!kHVfX23f9,daysteven@example.com,Russell,Lopez,2005-02-28,Female,Married,1,0,1,0,0,0
shall,79DMrOON)Z,twatson@example.com,David,Garcia,1955-02-10,Male,Divorced,1,1,1,1,0,1
linda23,(X$dvmHf31,harrisamy@example.org,Denise,Lambert,1978-07-02,Other,Single,0,0,0,0,1,1
garybeard,3^7_h0(c9S,morgan64@example.net,Andrew,Marshall,1980-10-24,Other,Married,0,1,1,0,1,0
woodsherry,^&_Dyn^a+5,davidparks@example.org,James,Archer,1986-08-23,Other,Married,1,0,0,1,1,0
wilsonderrick,an5D8x0%)R,brayjohn@example.net,Ashley,Schneider,1965-03-14,Other,Single,0,0,1,0,0,0
murrayeric,ssO!TZ1r)3,ashlee36@example.net,Anna,Brown,1968-01-01,Female,Single,1,0,1,0,0,1
upearson,9nUi7Lzc#3,alexander71@example.net,Ashley,Hansen,2005-11-12,Other,Married,0,1,1,1,1,1
christina02,FTTBSDks_5,sabrina82@example.com,Lindsay,Gordon,2003-11-28,Female,Married,0,0,0,1,1,1
petersonhannah,UW1imbyv(4,qwhite@example.com,Daniel,Johnson,1978-05-10,Male,Divorced,1,0,1,1,0,0
cassidyalexander,!4Dk6G@P!r,ritawilliams@example.com,Kyle,Harris,2003-09-09,Male,Divorced,0,1,0,0,1,0
mckenziedominique,!QaEXr&4@8,terrycindy@example.org,Brandon,Fisher,1957-06-01,Female,Divorced,1,0,1,0,1,1
mmoore,&OFsz0J&D7,erinlee@example.org,Jeanette,Hernandez,1946-10-18,Other,Divorced,0,1,1,0,1,1
robinwhite,#%@9VArGKq,astanley@example.net,Sarah,Cowan,1985-02-19,Other,Married,1,1,1,1,1,0
dwoods,Mo1kJKA@9(,carlsonveronica@example.net,Christopher,Gamble,1974-03-23,Other,Married,1,1,1,1,0,1
gbarrett,d+UCNKjj&9,tracihenderson@example.com,Jennifer,Rogers,1966-06-09,Male,Married,1,1,0,1,1,0
zwatson,*#xvDOFy88,robertsonsamantha@example.net,Amber,Burns,1958-01-25,Female,Married,1,0,1,1,1,0
bentleymadison,s+@7sNvMJL,pruittvictoria@example.com,Michelle,Williams,1977-01-02,Other,Single,0,1,0,1,0,1
dwebb,QO1vxrBp#J,brendamoore@example.com,Christopher,Mclaughlin,1981-01-13,Male,Divorced,1,0,0,1,0,1
rickey16,Y1G2E#Di%Z,ramosstephen@example.org,Jamie,Michael,1966-08-13,Male,Divorced,0,0,1,0,1,0
rriddle,d_PlZs(m(2,nlozano@example.net,Julian,Ball,1967-09-30,Female,Married,0,0,0,1,1,1
padillajoseph,_2s8VmGZDi,randy15@example.net,Brent,Brock,1975-12-03,Male,Divorced,0,0,0,1,0,0
brendawilliams,N53BlbB7*1,fmorris@example.com,Michelle,Vasquez,1982-01-25,Male,Single,1,0,0,1,1,1
craig62,1qQnSjMj+#,briggskari@example.net,Amy,Tran,1968-11-27,Other,Divorced,1,0,1,1,0,1
ucarter,!yzE(Yqp@0,mcclainsara@example.com,Matthew,Mitchell,1967-09-30,Other,Single,0,1,0,1,1,0
aclark,Us#97Tp#Wv,zsmith@example.org,Amanda,Phelps,1980-02-04,Other,Divorced,0,1,1,1,0,0
gary83,ehb7c$Dd&@,kevin29@example.org,James,Adams,1952-02-22,Male,Single,1,0,0,0,0,1
chadglenn,P@F7EIfe^U,jacksonjacqueline@example.net,Miranda,Moyer,1978-04-03,Other,Married,0,0,1,0,1,0
adunn,_Jv8O0vtp%,vwashington@example.net,Maria,Byrd,1998-04-20,Female,Single,0,0,0,1,0,0
christophertorres,$0NCyh1060,millertracy@example.net,Deborah,Martinez,2002-08-24,Female,Divorced,1,1,1,0,1,1
terrencerobinson,^0jEvbaj(3,cwatts@example.net,Tina,Lopez,2003-08-11,Other,Divorced,1,1,0,0,1,1
james67,I$&Qh8Eth(,tiffanyfloyd@example.com,Michael,Santiago,1956-10-07,Female,Married,1,1,0,1,0,0
markchavez,)xVI5Zwx30,ikim@example.net,Joseph,Williams,1944-08-26,Male,Single,1,1,1,0,0,0
klee,%9G!r5Of1w,spowers@example.net,Jessica,Martinez,1996-01-18,Male,Single,1,0,0,1,1,1
marybraun,@b7GP4BphL,joseserrano@example.org,Richard,Boyd,1983-09-26,Other,Divorced,0,0,0,1,1,0
timothy29,7WdxLcWx#F,dwood@example.net,Jeremy,Gutierrez,1995-08-15,Other,Married,0,1,1,0,1,1
darrell96,Od+!^t0x@2,tiffanywallace@example.net,Lori,Rodriguez,1984-11-28,Male,Married,1,1,0,1,0,1
trodriguez,9iT5@dAl&F,gschmidt@example.com,Marissa,Young,2005-03-25,Male,Single,1,0,0,1,0,1
terrireyes,^wJMlI1mh2,vgould@example.net,Chelsea,Mcmillan,1981-10-01,Male,Married,1,1,0,1,1,1
lopezbeth,wVZ&7Ax0X+,jennifer26@example.com,Glen,Smith,1950-01-14,Male,Single,1,1,0,0,1,0
veronica23,90GzeO6v*#,duncanalexis@example.net,Darryl,Jones,1973-10-04,Male,Married,0,1,1,1,1,0
joyce99,(0T)&uqjLQ,kevinmartinez@example.net,Mike,Dalton,1965-02-12,Female,Divorced,1,0,1,0,1,0
hcuevas,0YP2Fq*&Q),lhorne@example.net,Ann,Bullock,2002-08-02,Other,Divorced,1,1,1,1,1,0
angela05,bw$1ZNhQxh,jeffcarpenter@example.net,Susan,Dixon,1975-06-25,Female,Divorced,0,1,0,0,0,0
heather94,PXB7J4c%S&,flynnlauren@example.com,Katherine,Simmons,1995-08-25,Male,Married,0,0,0,1,1,1
stephanie56,Qu(6T3bg+3,oramirez@example.com,Benjamin,Smith,1983-12-19,Female,Divorced,1,1,1,1,1,0
brianmueller,^$+1CFqro9,rkrueger@example.org,Amber,Fox,2003-09-15,Male,Single,1,0,1,1,1,1
brittany90,)&+2QxWcUX,gutierrezandrea@example.com,Christopher,Hicks,1978-03-26,Male,Divorced,0,0,0,1,1,1
riosbethany,)TWeyJIdJ5,lbanks@example.net,Jeffery,Wolfe,1979-10-24,Male,Married,1,1,0,0,0,1
mccluretracey,CfSn5PIm%f,jonesjennifer@example.net,Tiffany,Phillips,1970-04-14,Male,Single,1,1,1,1,1,1
linda26,5ZWSiaIY%K,darlene62@example.com,Ryan,Kim,1996-09-30,Male,Divorced,0,1,0,0,1,1
saracohen,MohbXJ0u!4,jessica58@example.com,Carol,Johnson,1970-12-15,Male,Single,1,1,1,1,0,0
uwalters,$4VXiyJzM1,kelly39@example.net,Steven,Edwards,1974-03-24,Other,Married,1,0,1,0,1,0
moralesruth,)lASlsXf$8,christophersullivan@example.org,Kevin,Shepard,1975-01-15,Male,Married,0,1,1,1,0,1
tarawhite,B@9BHtgMel,catherinelopez@example.com,Dawn,Barnes,1997-07-27,Female,Married,0,0,1,1,1,1
alyssastanley,t%2sR5odYC,mroberts@example.org,Xavier,Cochran,1967-02-21,Other,Single,0,1,0,0,1,1
xlewis,dj74UwHS#8,zjones@example.com,Julia,Webb,1995-10-25,Other,Divorced,1,0,1,0,1,0
christopherellis,@1_eCq&kI5,jedwards@example.net,Amanda,Sanders,2005-11-04,Other,Married,0,1,0,0,1,1
richard01,ruH9Lo!Rp!,nbrown@example.com,Thomas,Wright,1998-06-13,Male,Divorced,1,1,0,0,0,0
jwilliams,@BX9A)Un+_,dunnmary@example.com,Nina,Melton,1971-04-07,Female,Single,0,0,0,0,1,0
penatyler,!nqOkeY#41,cmyers@example.net,Ruben,Brown,1986-10-21,Female,Married,1,1,0,1,0,1
terrytaylor,e&&209Lql1,carterjessica@example.net,Alexander,Cook,1996-05-11,Other,Married,1,1,1,1,1,0
otanner,&f!y2Sex^t,qharris@example.com,Jennifer,Barnes,1947-07-28,Other,Divorced,0,1,1,1,0,1
emily19,1rCY3smk+#,daniellemiller@example.com,Timothy,Lewis,1975-07-22,Female,Single,0,1,0,1,0,0
bcampbell,20gsOtnN*f,hwright@example.org,Stacy,Ortiz,1979-02-08,Other,Single,1,0,1,1,1,1
daniel39,$08IwlCuAJ,zachary97@example.org,Destiny,Ortiz,1958-02-18,Other,Divorced,0,1,1,1,1,1
bradley61,_L2*NHVk2(,jamesayers@example.org,Michelle,Glenn,1960-04-16,Female,Married,0,1,0,1,1,1
jesusbraun,)RK72+*p4h,amanda33@example.net,Daniel,Shelton,1998-10-31,Female,Divorced,1,0,1,0,1,0
salinastodd,v@J0Xge1uc,davismichelle@example.org,Michael,Garcia,2003-12-09,Female,Married,0,1,0,0,0,1
conradjustin,ah28nT#d$N,jameshawkins@example.com,Joseph,Warren,2003-02-25,Male,Single,1,0,0,1,1,1
felicia04,*dCEK$Fz!6,llindsey@example.org,Jessica,Morris,1950-06-08,Male,Married,0,0,1,1,1,0
adrianbishop,U)^6CIFj+5,jhansen@example.com,Jordan,Gonzalez,1948-04-01,Female,Divorced,1,0,1,1,0,1
lisa03,WTg0lGfog*,stewartronald@example.org,Shaun,Carlson,1952-06-06,Other,Married,1,0,0,0,1,0
sabrina69,H4z2AsNp!e,wcabrera@example.net,Thomas,Villarreal,1961-12-13,Female,Married,0,1,0,0,0,1
troy18,A@h1+VVgc*,baileyanthony@example.org,Ashlee,Perez,1947-01-10,Female,Divorced,0,0,1,1,1,1
holmesstacy,*%8_+RIcCp,kevinanderson@example.org,Barry,Weiss,1960-09-24,Other,Divorced,0,0,1,1,1,0
erin67,*z4Srhig_t,gibsoncharles@example.net,Michael,Alvarado,1982-08-27,Female,Single,1,0,1,0,1,0
jason95,1@534nCs%f,yevans@example.net,John,Jackson,1986-02-27,Female,Married,1,0,1,0,1,1
lisawilkinson,@7^JAjtfRE,daniel47@example.net,Destiny,Marquez,1989-03-08,Female,Single,1,0,0,0,1,0
durhammelinda,ll4KyS!q^v,donald92@example.net,Stacey,Thomas,2006-09-25,Female,Single,0,1,1,0,0,0
micheleyu,u3_83TrxK_,brooke87@example.org,Danielle,Miller,1950-05-26,Female,Divorced,0,0,1,0,0,1
gdiaz,#I!S+%phf0,ian88@example.net,Lynn,Roach,1952-04-28,Other,Single,1,0,1,0,1,1
michele09,M62nZ@ig$J,chenrhonda@example.com,Anthony,Smith,1975-04-11,Female,Married,1,1,1,0,1,0
omooney,&^^I5Ol%%b,alexanderstefanie@example.com,Gerald,Harris,1982-02-14,Other,Divorced,1,0,0,0,1,0
barkerpaul,%yVO_GHj1i,adouglas@example.net,Thomas,Diaz,1998-10-29,Female,Married,0,0,1,0,1,0
kurtdavis,^BVuHLDM(0,fschaefer@example.com,Kirsten,Peterson,1969-10-20,Other,Married,1,1,1,1,1,0
laura06,R6N*AXot+8,susanrojas@example.org,Cynthia,Kelley,1964-02-22,Female,Married,0,0,1,1,0,0
scottseth,#RN1sM5cq0,rjohnson@example.net,Benjamin,Meyer,1951-08-06,Other,Single,0,0,0,0,0,1
stacey06,&SN9KAfXPB,cherylross@example.com,Cassidy,Yang,1990-07-07,Male,Divorced,0,1,0,0,0,0
wesleygomez,h6r&#JBe)4,savannahyoung@example.com,Justin,Jones,1967-06-14,Female,Single,1,0,0,1,0,1
smithcarla,y&c0R#NqY3,danielhansen@example.org,Jacob,Allen,1978-07-18,Other,Divorced,0,0,1,0,0,1
bfoster,)OFsjCzRO3,riddleanna@example.com,Bonnie,Black,1981-01-17,Female,Divorced,1,0,1,1,1,0
steven55,M_8Z!zLULs,charlescisneros@example.net,Veronica,Obrien,1998-12-18,Female,Married,1,0,1,0,1,1
james61,)JbhG5Tz_$,yjohnson@example.net,Jason,Downs,1945-05-29,Other,Divorced,0,0,1,1,1,1
schmidtannette,%8Ci7ZJ*Mx,ericschroeder@example.com,Michael,Morton,1950-01-19,Male,Divorced,1,1,1,0,1,1
susanswanson,HXBgy&xE%7,padillacharles@example.net,Anthony,Luna,1946-06-22,Female,Single,1,1,0,0,0,0
rwilliamson,6s9RtEjz+M,oscott@example.org,Michael,Johnson,1958-03-23,Other,Single,1,1,0,0,1,1
shannonricky,_fW8#3Now#,katherineedwards@example.net,Sean,Scott,1944-06-12,Male,Divorced,0,1,1,0,1,0
matthewstewart,wy)2KYzYfO,ashley79@example.net,Theresa,Colon,1973-01-16,Female,Divorced,1,1,0,0,1,0
guerreroheidi,^9ULbhaHK0,jonesrobin@example.com,Steven,Andrade,1983-05-09,Female,Married,0,0,1,1,0,0
perkinsmichelle,Y5r5%HMs*5,wileykimberly@example.net,Breanna,Collins,1983-01-04,Male,Divorced,0,0,1,0,1,0
johnhale,h@h9wZiw7*,elizabethwilkins@example.org,Lauren,Roberts,1947-06-17,Other,Married,0,1,1,1,1,1
ashleysnyder,@RF19Ed1XU,emilymartinez@example.com,Greg,Potter,1961-01-23,Male,Divorced,0,0,1,1,0,0
vbrown,7acohIoq@z,englishapril@example.org,Christina,Garrett,2005-07-07,Other,Single,0,1,1,0,1,1
emorgan,3g34AfhtT*,susanduke@example.org,Michael,Wilcox,2005-03-21,Male,Single,0,0,0,1,1,0
russellshaun,_6MKfBbja+,rogersjamie@example.org,Joseph,King,1966-02-11,Other,Single,1,0,0,1,0,1
esmith,Rb9MBW5)h*,benjamin17@example.com,Billy,Bernard,1974-06-28,Other,Divorced,0,0,0,0,1,1
heather43,+48U!2scxO,david81@example.org,Kenneth,Garcia,1973-12-15,Male,Single,0,1,1,0,0,0
brandon86,VXJ4tFcA+T,thompsoncrystal@example.org,Christopher,Bell,1998-10-29,Other,Single,1,1,1,1,1,0
cookjanice,qC!YPvw(#9,helengraham@example.net,Johnny,Guerrero,2005-06-23,Other,Divorced,1,0,0,0,1,0
micheleguzman,cr@3Vbx^z8,garrettnguyen@example.com,Christopher,Klein,1994-04-21,Male,Divorced,0,0,1,1,1,1
daughertypamela,VHv3NZZdV!,nicholeoneill@example.org,Rachael,Patrick,1987-03-04,Female,Single,1,0,1,0,0,0
kimberlyfischer,8KdJTjA2_(,johncordova@example.com,Grant,Nelson,1955-01-13,Male,Married,1,0,0,0,0,0
melissa82,^r&6Ame8r7,donnawade@example.com,Corey,Newman,1960-03-08,Female,Married,0,0,1,1,0,0
stephaniespence,V(2XfJgAYI,alyssaneal@example.com,Edward,Riggs,1981-06-24,Female,Married,1,0,0,0,0,1
freemanbryan,I$00WjMsM#,wgonzalez@example.org,Erin,Williams,1978-10-02,Female,Single,1,1,1,0,0,0
cynthiaduran,)K!&5OFb#1,nrichardson@example.org,Rebecca,Kelly,1944-05-23,Male,Single,0,0,0,1,1,0
erincook,*@GjYV(x_4,taylor57@example.com,Susan,Salazar,1952-02-29,Male,Divorced,0,1,1,1,1,0
heatherdavis,zQtX#RMx@1,jacobwilliams@example.net,Jeremy,Hernandez,1982-06-02,Male,Single,1,1,0,0,1,0
johngarcia,6Y$37tRbT_,esteslisa@example.net,John,Blackwell,1994-02-10,Other,Single,0,1,1,0,1,1
zfrancis,7W7blSpu@_,reyeseduardo@example.org,Erika,Davila,1954-12-16,Other,Married,0,1,0,1,1,0
coxpaul,y1l_KTeq^8,hornkathleen@example.net,Connie,Russell,1954-10-03,Other,Married,1,0,0,1,0,1
rebecca32,RG4eEvmoc*,dlutz@example.com,Wendy,Fuentes,1996-11-22,Other,Single,1,1,0,0,1,0
jessica29,GqC5Uq^0C^,tamara36@example.org,Crystal,Church,1996-08-20,Other,Divorced,0,1,0,1,0,1
tgibson,a4*Iz1CT^f,hughescindy@example.org,Vincent,Nelson,1998-01-09,Other,Married,1,1,0,0,0,0
ricky57,JDa*9VKqWY,nguyensteven@example.net,Richard,Turner,1968-12-13,Male,Married,1,1,1,1,0,0
ijames,6pES*lUd_C,michaeljohnson@example.com,Jesus,Waters,1960-06-15,Male,Divorced,0,1,0,1,1,0
hurstleah,#0Hhu&pe@#,chasepeter@example.net,Tiffany,Cox,1953-01-26,Female,Married,1,1,0,1,0,0
caldwelljoseph,77w8LTkMT$,hstewart@example.net,Kristen,Williams,1963-05-13,Other,Married,1,1,0,1,1,0
hernandezterrance,yASzXehH)5,chenjohn@example.com,Edward,Coleman,1951-12-11,Male,Divorced,0,1,1,0,1,1
juliacaldwell,g_3MRaVKQm,martinezcrystal@example.org,Michael,Haynes,1952-11-25,Other,Single,0,0,0,0,1,1
lauraweiss,P56tFA+l%I,blin@example.com,Daniel,Ryan,1980-05-12,Other,Single,0,0,1,0,0,0
kenneth53,C714PmMWy@,marymontgomery@example.net,Christopher,Vincent,1951-11-17,Other,Married,0,1,0,1,1,0
harrisjeremy,0h2!KKf@(M,smithdiane@example.org,Anita,White,1954-02-25,Female,Single,1,0,0,0,0,0
zbradford,(A*WvLqp5a,kingkimberly@example.net,Michael,Burke,1980-03-03,Other,Divorced,0,0,1,0,1,1
yubecky,SK0O$+hj3(,kellythompson@example.net,Ricky,Duke,1975-09-10,Other,Divorced,1,0,0,0,0,0
odaniels,M#9qILGbkb,njackson@example.net,Steven,Byrd,1999-09-11,Female,Divorced,0,1,0,1,0,0
leahlong,1R2Fn3$^%3,andrewphillips@example.net,Stephen,Mitchell,1967-09-05,Other,Married,0,1,0,1,1,0
amanda40,9)n!T4PoyN,kgonzalez@example.net,Angela,Turner,1996-03-02,Female,Married,0,1,0,1,1,1
ahouse,ig84U75tf#,dreese@example.com,Joseph,Daniel,1956-08-06,Other,Divorced,0,1,0,0,1,1
mayshawn,)T559PPj%&,phillip86@example.org,Robert,Freeman,1974-01-14,Female,Married,0,1,0,1,1,1
julie07,*98XhIdEr(,hlawrence@example.net,Andrew,Tyler,1993-07-25,Male,Single,0,0,0,0,1,1
ybailey,kk4Y!PN@E),mark62@example.com,Patrick,Dominguez,1950-12-25,Male,Single,0,0,1,1,0,0
smithedward,I_Rex4Qw2@,mike42@example.net,Collin,Li,1981-12-04,Other,Single,1,0,1,1,0,1
hendersonmichael,_wGXoS8722,silvajoseph@example.com,Chad,Bauer,1946-07-21,Male,Married,1,1,0,0,1,0
pamela24,)N0HWfXHX4,patriciarobinson@example.com,Lisa,Smith,1997-03-19,Other,Married,0,0,0,1,0,1
wagnermadison,^7In2eaQ&k,nelsondouglas@example.com,Donna,Peters,1996-11-07,Other,Married,0,1,1,0,0,1
abigail26,a2)$7TDuOA,randyrhodes@example.net,Jane,Young,1950-05-04,Other,Divorced,0,0,0,1,0,1
cruzdavid,+NFzyik*5u,ibrown@example.org,Courtney,Warner,1954-03-14,Other,Married,0,1,1,0,1,1
osellers,kbX1kCts$(,seththomas@example.org,Justin,Diaz,1957-11-30,Other,Married,0,1,0,0,1,1
talvarez,+@yXtixn&4,terranceosborne@example.org,Andrea,Cross,1999-03-12,Female,Married,0,1,1,0,0,0
michaelwalsh,V(+6WKqSrE,lconley@example.com,Joy,Ball,2006-11-11,Male,Divorced,0,1,1,0,0,0
sherry42,^$LGq$O+98,susan36@example.org,Paula,Nichols,1949-12-04,Other,Married,0,0,1,1,1,0
kristinrussell,$dq5q2QJF4,brandon23@example.org,Adam,Brown,1976-02-24,Male,Single,0,1,1,0,0,0
maria65,w+_8Frx$_F,ljackson@example.net,Shannon,Smith,1952-12-03,Other,Married,0,1,1,1,0,1
conradjohn,M9FUavi&#T,trujillosarah@example.net,Carrie,Baxter,1991-02-06,Male,Divorced,0,1,1,1,1,0
thomaslarson,7TOoF&4e*p,stacie58@example.org,Anthony,Avila,1968-03-13,Other,Single,0,0,0,1,1,1
kevin12,0pV6MHcm^6,uelliott@example.com,Timothy,Harris,1988-10-01,Female,Single,0,1,1,0,1,0
brandon60,8z&k4OP)!^,paulberry@example.org,Tabitha,Hall,1975-05-22,Male,Single,1,1,1,1,0,1
pamela35,gm1h+HUhB*,joseph04@example.org,Andrew,Rivera,1947-03-17,Female,Single,1,1,1,1,0,1
matthew20,9ThWFCdl@!,francisdaniel@example.net,Luis,Dixon,1987-03-21,Other,Single,1,1,1,0,0,1
qcollier,GIX6#Efr%I,michael68@example.org,Morgan,Daniels,1981-10-11,Other,Married,0,0,0,1,0,0
parkerian,5)76UNRyHU,leonard07@example.com,Deborah,Novak,2006-07-25,Other,Single,1,1,1,1,0,0
wrodriguez,!5pJBtak*Y,dawn14@example.com,Max,Dominguez,1996-09-20,Male,Married,1,0,1,1,1,0
cgomez,t7WNe9b2%6,julievalentine@example.org,Katrina,Holloway,1975-01-25,Female,Divorced,1,0,0,0,1,1
dlopez,$7aBbf^drK,jrodriguez@example.net,Katherine,Miller,1987-03-28,Other,Single,1,1,0,0,0,1
michaelgomez,&%K&6C$cp1,ubrooks@example.com,Robert,Rose,1999-08-05,Female,Divorced,0,1,1,0,0,1
cheryljohnson,uc7lNm7t@&,ywilliams@example.org,Heidi,King,1972-06-03,Other,Single,0,1,0,0,0,1
ksimpson,#YnI@9Gz8t,patrick98@example.org,Helen,Smith,1974-07-20,Female,Single,1,0,1,0,0,0
kaneadam,%QvmiQUNd3,tyoder@example.com,Christine,Becker,1968-08-01,Female,Divorced,0,1,0,1,0,1
torressamantha,ikh4F@D)J$,barrypineda@example.com,Maria,Gamble,1946-03-05,Other,Divorced,1,1,0,0,0,1
cynthiarose,a6*wnDnA_Z,dnelson@example.net,Adam,Weaver,1972-05-13,Male,Divorced,1,0,1,0,0,1
phall,L^2CW4JpOx,brettsmith@example.com,Brian,Velez,1961-02-20,Male,Divorced,1,1,1,0,0,0
jenniferhess,CS&BHKty^8,greengerald@example.com,Daniel,Garcia,1963-07-12,Female,Divorced,1,0,1,0,1,1
johnmartinez,j!%2wH2rd3,brandon06@example.org,Abigail,Ramirez,1967-11-29,Female,Married,1,1,1,1,1,0
danielwarren,_1qKpTt$b(,dwallace@example.org,Robert,Hernandez,1999-06-06,Female,Married,1,1,0,1,0,0
oliversteven,2u35NZD_Q&,angela50@example.com,Christopher,Fields,1974-05-04,Other,Divorced,0,0,1,0,1,0
tomstone,Y08W(mLI&m,tracywatkins@example.org,Joshua,Gregory,2006-04-29,Female,Single,0,1,1,1,0,0
hayesangel,D!r3S2cmGQ,austinandrew@example.net,John,Carter,1953-01-04,Other,Married,1,1,1,1,1,1
brooksbethany,uQ*7JfGbW7,smitherin@example.net,Chelsea,Wood,1965-09-22,Female,Single,1,1,0,0,0,0
francisco33,za5MKklp*W,stephenanderson@example.net,Jeffrey,Marshall,1978-03-18,Other,Married,0,1,1,0,0,0
nhamilton,Q$(7OQ4m^H,aprilroberson@example.com,John,Brown,1954-10-09,Other,Single,0,0,1,1,0,0
james02,(373XuZvxw,vdonaldson@example.org,Roger,Reynolds,1948-02-17,Male,Married,1,1,1,0,1,0
sarah03,R&49H6zqI^,melaniesanders@example.org,Jeremy,Rodriguez,1987-12-06,Female,Married,1,0,0,1,0,0
troycole,nDXX35gR(9,bradley20@example.net,Spencer,Berry,1960-07-30,Other,Single,1,0,0,1,1,1
henryanthony,^iB3NUwd&q,rhawkins@example.net,Deborah,Walters,1983-04-19,Other,Single,1,0,1,0,1,1
xruiz,*#3IVg96#6,garzaalicia@example.org,Amanda,Brown,1977-05-05,Female,Divorced,0,0,1,1,1,1
lorichoi,h@7+Gt%KxD,bescobar@example.org,Brenda,Mclean,1981-12-11,Other,Single,1,0,1,0,1,0
shannonanderson,_0#0%&IwI),williamfaulkner@example.org,Anne,Long,1951-06-11,Male,Married,0,1,0,1,1,0
shart,$15hpOJfEF,olsenerika@example.org,Mary,Robertson,1994-10-16,Female,Single,0,1,1,1,1,1
destiny66,5$rv3WIcg&,roberthowell@example.net,Jim,Wolfe,1949-03-09,Female,Married,1,0,1,1,0,0
baldwinkatherine,%x@PFXrz+5,johndouglas@example.net,Sheila,Bennett,2005-11-10,Male,Single,1,0,0,0,1,0
ecole,@c3BGzgO@S,kristina32@example.com,Kevin,Medina,1947-01-08,Other,Married,1,1,1,1,1,1
jason35,r)3FUfm4@T,michaelgarcia@example.com,John,Sherman,1974-07-12,Female,Divorced,0,1,1,1,0,1
yuevan,FI3AMA^s3!,heatherbarnes@example.org,Heather,Quinn,1986-06-12,Female,Divorced,0,1,0,1,0,0
sarahgraves,3kG$93Sj@$,janetcox@example.com,Kyle,Schroeder,1990-05-03,Male,Married,1,0,1,0,1,1
eugene26,^pD4LD*A_3,mcooper@example.com,Karen,Richardson,1992-04-14,Female,Married,1,1,0,1,1,0
karenpatrick,EE!5aCIr_&,wallacerachael@example.net,Cindy,Dixon,2001-04-21,Male,Married,0,0,1,0,0,0
bakertammy,leg25IfhM*,taylor43@example.org,Gerald,Anderson,1963-03-24,Other,Single,0,0,0,1,0,0
michelle67,($pOmwku4),wsutton@example.org,Nicole,Reed,1958-05-01,Other,Single,1,1,0,1,1,0
mcphersonhannah,8_NGb6p5$D,monicawilliams@example.com,Angela,Warren,1947-06-07,Male,Divorced,1,1,1,0,1,1
tara88,_^ZainTm1T,kimberlyrussell@example.net,Nicole,York,1969-08-23,Other,Divorced,0,1,1,0,1,0
isaiahwatson,#R*A6pRw*P,stephanie58@example.net,Jennifer,Fernandez,2005-08-24,Male,Married,0,1,1,1,0,1
brandonsantos,5JNg(7vc3#,katherinerivera@example.net,Eric,White,1968-03-14,Male,Divorced,0,0,0,0,1,1
zacharyclark,n*9D(aF*L%,pamelahill@example.org,Dennis,Singleton,1985-11-13,Other,Single,0,1,0,1,0,1
christopher09,@0y9MPLyFx,thomasruiz@example.com,Spencer,Rogers,1989-04-09,Female,Divorced,0,1,1,0,1,1
autumnsantiago,+wTj(bJX9X,annette07@example.com,Traci,Sosa,1984-04-25,Other,Divorced,1,1,0,0,1,1
zsmith,84R+mfUO)(,laurie50@example.com,Kim,Cervantes,1963-11-17,Male,Single,0,1,1,1,0,1
calvincollins,G3ufQmya%o,josephroberson@example.net,Sarah,Torres,1969-11-20,Male,Single,0,1,0,1,0,1
carolyncollins,2*n47OJmzH,shahtaylor@example.com,Jennifer,Fowler,1984-06-12,Female,Married,1,0,0,1,0,0
brittany54,_s@5zDp7a%,ifoster@example.net,Megan,Ochoa,1949-07-25,Female,Single,0,1,1,1,0,1
dominguezlisa,P+2ycRcn#3,nruiz@example.net,Louis,Bender,1997-06-30,Other,Divorced,0,1,0,0,0,1
joseph17,%45BUEse!6,jonesamy@example.org,Allison,Davis,1983-10-26,Male,Single,0,1,1,0,1,0
kelleysean,H27F(#p6^H,kyle62@example.org,John,Leonard,1950-07-13,Female,Married,1,1,1,1,0,0
zjenkins,yR3G4Qkvi&,austin39@example.com,Eric,Gallagher,1977-08-16,Female,Married,0,1,0,0,0,1
whitney25,1#7huPhMv4,vbrooks@example.net,Jose,Johnson,1983-03-06,Female,Married,0,1,1,1,0,1
cbrown,868ZC%tX(H,rmckinney@example.com,Kristen,Adams,1992-10-05,Other,Married,1,0,0,0,1,0
fmullen,gu0#B&UTr^,shawn88@example.org,Karen,Wheeler,1956-05-03,Male,Divorced,0,1,0,0,1,1
ghall,@oVU*uaCx0,riosfrancisco@example.net,Ashley,Burns,1968-09-16,Female,Divorced,0,1,1,1,0,0
sburch,$9Z5KweNw4,donna25@example.net,Cynthia,Carter,1995-10-03,Female,Single,0,0,1,1,1,0
kevinwilliamson,c^L6E_f*^I,frussell@example.org,Nicole,Jones,2002-05-21,Other,Married,1,0,1,0,1,0
jacqueline09,v*2bMby1IY,davidlewis@example.com,Jeffrey,Parrish,1977-04-05,Other,Married,0,0,1,0,1,0
jessicadavis,wY7)GOgpe&,melaniekane@example.net,Edward,Anderson,1967-05-16,Other,Divorced,0,1,1,1,0,1
staceybartlett,+98T0EzN$3,fowlerjames@example.net,Rebecca,Bailey,1960-07-11,Female,Single,1,0,0,0,1,1
scott24,8F4%OavC%$,archerdavid@example.com,Jacqueline,Henderson,1955-01-30,Other,Divorced,0,0,0,1,1,0
pennyjensen,km47Q!Uie^,alvaradobrittany@example.com,Gabrielle,Carpenter,1987-12-25,Male,Divorced,1,1,1,0,0,1
anthonyfrey,!WL81HGr6q,davisjohn@example.org,Linda,Norton,1979-01-13,Other,Divorced,0,1,0,0,1,0
amandaryan,(EWZe11^3$,kyle58@example.com,Michelle,Wong,1990-09-28,Female,Single,1,1,1,1,1,0
hernandezwilliam,5hetGmVQ&J,travisparsons@example.net,James,Diaz,1994-03-10,Male,Divorced,0,0,1,1,1,1
ryanschwartz,vHJz+OHn)9,anthony73@example.org,Bailey,Hardin,1976-02-04,Male,Married,0,0,0,0,0,1
johnmalone,EBF^s1k#f*,kellyreed@example.com,David,Rogers,1970-11-25,Female,Married,0,0,0,0,1,0
kevin16,b4HP(+3x*a,diazdana@example.net,Michelle,Jackson,1949-04-12,Other,Married,1,1,0,1,1,1
qmooney,hjDkf#fv@5,kristen78@example.com,Kenneth,Joyce,1954-12-16,Other,Single,0,0,0,1,1,0
daisy13,^B12WcTfZw,jesse31@example.com,Thomas,Phillips,1975-04-11,Male,Divorced,0,1,0,0,1,0
drakeregina,(pQz6Wykb*,heidikelley@example.net,Sandra,Mccullough,1977-01-19,Female,Married,1,0,0,1,0,1
jjohnson,!wX0s7Yn(D,gshaw@example.org,Eric,White,1994-07-19,Male,Married,0,1,1,1,1,0
umclaughlin,LkPHBa1#!5,torrestheodore@example.com,Brandy,Arnold,1976-05-23,Other,Divorced,1,1,0,1,0,0
fwilson,0#(dqP2q#X,kelly73@example.com,Tracy,Jones,1966-01-09,Other,Divorced,1,0,0,0,0,1
michellesalinas,1pW_jKzd#3,arogers@example.org,David,Summers,1955-03-01,Male,Married,1,1,0,1,1,0
kenneth75,&nY#M*aKu0,gregorymcguire@example.org,Nicholas,Mejia,1960-08-20,Female,Married,0,1,1,0,0,1
baldwinjulie,#3FUkuuyRv,gsmith@example.net,Nathan,Walton,1957-02-06,Female,Married,1,0,0,0,1,0
tina45,@8MONSMQSk,stephensonmelanie@example.com,Bryan,Erickson,1996-08-13,Female,Single,0,0,1,0,1,1
teresa49,_3SRqClg_L,cfloyd@example.net,Wendy,Wilson,1982-03-16,Male,Single,0,1,0,0,1,1
thomasgordon,NEe9NxyP@A,burnsadrian@example.org,Andrew,Smith,1968-04-12,Other,Married,1,0,1,0,1,0
anthonyramirez,LVOjUMqm#1,ramirezkristina@example.com,Bradley,Arias,2000-02-29,Male,Married,0,0,0,0,1,1
unorris,#q&*ULWg)1,brookspatricia@example.org,Olivia,Holmes,1995-08-16,Female,Married,1,1,0,1,0,1
boonekarla,FBv7kMHn)W,amy34@example.com,Timothy,Williams,1985-05-19,Female,Single,1,0,0,0,0,1
michaelmyers,#30flCiF0R,bobby04@example.org,Taylor,Gay,1950-06-23,Female,Divorced,1,1,0,0,0,1
margaret63,4Sr1ZW(k*(,joshuawilliams@example.net,Mark,Simmons,1981-01-17,Female,Married,1,0,1,1,0,0
singhalfred,w^5!A^Socg,idecker@example.net,Jared,Murray,1953-06-02,Female,Divorced,0,0,1,1,0,0
sherri87,v+5mLhbp3M,mmcgee@example.org,Ashley,Peterson,1971-07-10,Male,Married,0,0,1,0,1,0
eduran,_M2Y@wmJHX,williamsjennifer@example.org,Christine,Turner,1985-11-08,Female,Single,0,1,0,1,1,0
andrea47,gRN4W@nX)6,lwilliamson@example.com,Daniel,Dean,1982-07-26,Female,Single,0,1,0,0,0,0
meganlong,t#d72J^kgQ,umorris@example.com,David,Howard,1984-02-14,Male,Married,1,1,1,1,0,1
elizabethedwards,8xBWHznK+4,david65@example.org,Cindy,Nichols,1984-12-16,Other,Married,1,0,1,1,1,0
kenneth78,s6FuM43K%S,stevenmiller@example.net,Michael,Gomez,1998-11-05,Female,Married,1,0,0,1,1,1
xphillips,+*8%Tb_#lr,ychavez@example.org,Sarah,Mckee,1957-06-16,Female,Divorced,0,0,0,1,0,0
haguilar,U)5_CvORp),aconner@example.com,Jeffrey,Bennett,1968-09-23,Other,Married,0,0,1,0,1,1
ufoster,9N#3L%Se1H,patriciabrown@example.com,Christina,James,1991-10-08,Female,Married,0,0,0,0,0,0
andreajones,lB56D(rql!,sean92@example.com,Amanda,Valentine,1947-11-13,Male,Married,1,0,1,1,0,1
dlee,t@So9YUbYb,adavis@example.com,Anna,Williams,1986-11-16,Male,Divorced,0,1,1,1,0,1
gomezkayla,o3WDGzI1@x,annettewalker@example.org,Erik,Robinson,2006-12-17,Female,Single,1,0,0,1,1,0
dsmith,Q7TC&cUj)7,mcphersonjoseph@example.net,Megan,Smith,1955-10-31,Male,Married,1,1,1,0,1,0
blackburnchad,3g)ITJ&u^5,xcruz@example.org,Ashley,Shelton,1955-06-19,Other,Married,1,1,0,1,1,1
rangelheather,omqE8u%b&0,cjohnson@example.com,Jenna,Torres,1952-10-15,Male,Divorced,1,1,1,1,1,0
haynesdavid,@lZq(lW!z1,drush@example.com,Robert,Schroeder,1947-09-30,Male,Married,0,0,1,0,0,1
davidbullock,+XrS4V*u(8,ebaird@example.com,Tina,Heath,1988-03-04,Male,Married,0,1,1,1,1,1
melissa16,#80_K74pC#,tmoore@example.com,Fred,Lane,1998-06-12,Other,Married,0,1,1,0,1,1
vasquezlori,*@3Uvmf4HW,costajustin@example.com,Andrew,Rodriguez,1995-03-26,Other,Single,1,0,0,0,0,1
maxwell15,WXkkGxrS)0,millerrebecca@example.org,Jeffery,Phillips,2006-02-09,Other,Married,1,0,0,0,0,0
fmoore,hN79EZyf^e,ustanley@example.org,Nicole,Anderson,1974-08-04,Female,Single,0,0,1,0,1,0
owensdylan,Kc+7MCvaI5,bromero@example.org,Timothy,Rogers,1971-11-17,Female,Married,0,0,0,1,0,0
yorkjohn,&4!Nt$Bt9e,qschaefer@example.org,Hannah,Ponce,1995-04-15,Other,Single,0,0,0,1,0,0
daniellarson,NvM_97Lg%L,youngamanda@example.com,John,Ford,1949-03-09,Other,Single,1,1,1,0,1,1
davisbrian,)n6zZHm+Jk,douglasrush@example.org,Michelle,Braun,2001-07-15,Female,Married,0,0,0,1,0,1
delgadocharles,@DhFLcxl*6,pfrazier@example.com,Cathy,Hernandez,1970-12-29,Female,Divorced,1,0,1,1,0,1
dserrano,1Y)mPL@e&4,nancyleonard@example.com,Carolyn,Flynn,1971-07-18,Female,Single,1,0,0,0,1,0
griffindonna,+kJIIQt^a3,rfarmer@example.net,Ryan,Simon,1979-02-09,Female,Single,1,1,0,0,0,0
suzannewoods,K9&hMELh!d,taylor05@example.net,Meagan,Martin,2005-01-16,Female,Married,0,0,1,0,0,1
nicholsmatthew,4V8IEHj(0$,achapman@example.com,Leah,Maldonado,1958-03-02,Other,Divorced,0,1,1,1,1,0
russell65,49!JWSXS!n,troymitchell@example.org,Kristen,Silva,2004-04-15,Male,Divorced,0,0,1,1,0,1
evansryan,)WN_qUzQD4,grodriguez@example.com,Sarah,Murray,1993-06-06,Female,Married,1,0,1,1,0,0
dianesims,+4HXvwati_,ashleyramirez@example.org,Angela,Perez,1958-04-10,Male,Divorced,0,0,1,1,0,1
vicki00,It4Z5%za_S,sandrahart@example.org,Michelle,Steele,1971-04-17,Female,Married,1,0,1,0,0,1
billyconley,Q)k1$MYh%i,hryan@example.com,Victoria,Moore,1986-01-01,Female,Married,1,1,0,0,1,1
rjenkins,V*7ZbZeiOs,johnstonrodney@example.net,Alicia,King,1950-10-10,Other,Single,0,1,1,0,1,0
joseph10,^2eLhj_qlU,ewagner@example.org,Melissa,Padilla,1987-09-01,Female,Married,0,0,0,0,0,1
jordanjennifer,_CjaYlrz3O,brad78@example.org,James,Howell,1992-10-03,Female,Single,1,0,0,1,0,1
carl68,#(4Tgw7hVU,ewilliams@example.org,Travis,Jacobs,1996-11-07,Male,Single,0,1,1,0,0,1
jonathanhoward,Ez4PkoXiQ^,corey01@example.org,Roy,Johnson,1957-11-07,Female,Married,1,1,1,1,0,1
cschwartz,Ac80JKgiv+,michael22@example.net,Christopher,Rodriguez,1996-02-04,Female,Married,0,1,0,0,0,0
morrisonwillie,!$8uOmV+#i,jim81@example.org,Stacie,Santiago,1964-02-03,Male,Divorced,1,0,1,1,1,0
kgonzalez,*LrY8Jod#F,adriennehiggins@example.org,Amanda,York,1995-07-09,Other,Divorced,0,0,1,1,0,1
baileyhailey,TK%8Vj_X(9,kelly60@example.com,Thomas,Kelly,1984-04-20,Female,Married,1,0,1,1,1,0
caroline25,)dxd2JOc)n,eric95@example.com,Amanda,Madden,1988-04-23,Female,Single,0,1,1,1,0,0
brad70,&hAEolTXB2,william56@example.org,Anthony,Brown,1983-09-23,Male,Single,1,1,1,0,1,0
stevencameron,)2N)RhLLx0,ncurtis@example.org,Tammy,Blankenship,1991-12-24,Male,Married,0,0,1,0,1,0
daniel96,_rHkb_xJ*2,estone@example.com,Maria,Smith,1960-05-15,Male,Single,0,0,0,1,0,1
gina37,!p@7U7Jv_K,ssanchez@example.org,Elizabeth,Shaffer,1999-06-04,Other,Married,0,1,1,1,1,1
lisa72,!5ugiNLmoe,powerslori@example.net,Lauren,Scott,1977-04-30,Other,Married,0,0,0,1,1,0
christinajohnson,y7srdAae%y,kingjoshua@example.com,Mary,Whitehead,2005-01-29,Male,Divorced,0,1,1,1,0,0
torrescarlos,&6g&AdcT23,ryanmiranda@example.net,Sandra,Perez,2004-06-20,Male,Divorced,1,0,1,1,1,0
znicholson,_mES7QGx22,william11@example.com,Samantha,Turner,1959-01-17,Male,Married,1,1,0,1,0,0
yfernandez,+WIhAz$%14,timothy65@example.org,Richard,Walker,1995-10-11,Female,Married,0,0,1,0,0,0
amolina,@@7@M5qgaJ,rodgerscharles@example.net,Pamela,Spencer,1949-04-13,Male,Single,1,0,0,0,1,0
morandaniel,817wY)co)5,bowmanjuan@example.com,Aaron,Walker,2006-12-08,Female,Married,1,0,0,0,1,1
jtucker,^DRz4ZNkhu,amber09@example.net,Ashley,Wilson,1972-09-22,Male,Divorced,0,0,1,1,1,1
donald10,p$65enEzaz,kenneth65@example.com,Craig,Boone,1970-12-13,Male,Married,0,1,0,1,1,1
michaelgraves,%0OiCxNv$v,sarahbailey@example.com,Jeffrey,Kirby,1955-09-13,Other,Married,1,1,1,0,0,0
rbond,#*DWM+Lok8,caitlin27@example.com,Richard,Foster,1985-05-19,Male,Single,1,0,0,1,1,1
johnwade,#8IufoWl_v,verickson@example.com,Rodney,Harris,1976-04-26,Other,Married,1,1,1,0,1,1
johnsonricardo,%QN7G@kz40,reeveswilliam@example.com,Elizabeth,Brennan,1977-09-30,Male,Married,1,1,0,0,0,0
sheenawalker,qrPZgCwy(0,ekey@example.org,Richard,Martinez,1951-05-20,Male,Married,0,0,0,0,1,0
gerald71,+SF)C8RwpT,markmorris@example.org,Justin,Garcia,1977-04-17,Male,Single,1,1,1,0,1,1
brendawhitehead,$BoVRfYm6T,ocampbell@example.net,Emily,Garcia,1965-03-27,Male,Single,0,0,1,0,0,0
olsonisaiah,(^m5TxOk$k,maryellison@example.com,Gavin,Koch,1964-01-07,Male,Married,0,0,1,0,1,1
jennifer75,%@l9JZjW%7,jerry14@example.org,Steven,Jimenez,1956-12-07,Female,Divorced,0,1,1,1,1,1
aguilarcorey,!G%DN+Ob*3,vincent00@example.org,Kaitlyn,Cortez,1976-07-04,Other,Single,0,1,0,0,0,0
zcruz,p3DBsb@e*f,lewisbrenda@example.net,Sarah,Taylor,1981-04-17,Male,Married,0,0,0,0,0,1
williamsgina,+D@#0OPh#y,wallacejennifer@example.com,Marilyn,Green,1948-03-09,Other,Single,0,0,0,0,0,0
zbarker,55@vvsXh+R,christina00@example.com,Sandra,Kirby,1998-01-21,Other,Married,1,0,0,0,0,1
nicolesmith,TXG%2YTjOC,qcrawford@example.com,Jack,Rivera,1976-04-08,Female,Single,1,1,1,1,0,1
gfox,*Z5Jhmkm!q,yatesjoshua@example.net,Angela,Hall,1945-06-24,Female,Single,1,1,1,0,1,0
weissedward,9oK(4pBv#y,trujillomegan@example.com,Jill,Kim,1949-07-05,Male,Married,1,0,0,0,1,0
morganjennifer,(3*zKYN3va,melanieanderson@example.org,Sarah,Richardson,1971-06-04,Female,Divorced,0,0,1,1,0,0
stephensdaniel,@lDyOWeFg7,kking@example.com,Amanda,Mercado,1962-01-15,Other,Single,0,1,0,0,1,1
xwade,u1&c0DKi+d,pollarderica@example.org,Wyatt,Franco,1968-07-04,Male,Married,1,1,1,1,1,1
allison70,)9K(PaM(It,stafforddavid@example.com,Amber,Carter,1974-06-16,Male,Married,0,1,1,0,0,1
gperkins,x+0wh7ZbcY,ereynolds@example.org,Helen,Clarke,2004-12-16,Other,Married,0,0,1,1,1,1
dortiz,Ta13IiOx@A,veronica68@example.net,Gregory,Carson,1944-12-03,Male,Divorced,1,1,0,0,1,0
marissawest,_mOb9eB+2@,daltoncourtney@example.com,Jennifer,Thomas,1985-01-12,Female,Divorced,1,1,1,1,1,1
fowen,z!J7(Jg$I),michaelmolina@example.com,Tasha,Garcia,1982-05-21,Female,Married,1,0,0,0,0,0
joneseric,#N13ZbxJqR,nguyenjames@example.org,Carolyn,Jackson,1950-03-22,Other,Married,1,0,0,1,0,1
pierceemily,k63Bou7g(*,ibrown@example.com,Andrea,Phillips,1981-12-20,Female,Divorced,1,1,1,1,0,1
tannermitchell,w0c(5OJgzx,mmolina@example.net,Whitney,Maldonado,1963-12-18,Other,Divorced,1,0,0,1,0,1
elizabethgarcia,NKGm0Lm$Q(,lparrish@example.com,Johnny,Brown,1978-03-10,Female,Married,0,1,1,0,1,1
romanheather,_O0TnVmtz6,cody14@example.net,Brad,Ross,1986-04-18,Female,Single,1,0,0,1,0,1
klowe,!46QVUxl$5,melaniebuckley@example.net,William,Myers,1951-07-23,Female,Divorced,0,0,1,1,1,1
richrachel,T#3QSlJwIL,glenowens@example.net,Mitchell,Byrd,1979-08-03,Other,Married,1,1,1,1,0,1
johnlopez,3qX+@Ust%&,rmoore@example.com,Kimberly,Jackson,1990-07-17,Other,Married,0,1,1,0,0,0
wharris,!eR7&2Gs!U,preston45@example.com,Kevin,Carter,1961-09-24,Female,Divorced,0,1,1,0,0,1
waynemorgan,Qs20uW8vx!,lopezmichelle@example.org,John,Gilmore,1979-08-30,Female,Single,1,1,1,1,1,0
haaskaren,@xZkqr@jE7,joseph62@example.net,Kelsey,Zuniga,1981-11-01,Other,Divorced,1,0,0,1,1,0
coleamy,CQ%W0OOm%V,littlederek@example.com,Albert,Williams,1984-01-18,Female,Married,0,1,0,1,0,1
hermankristen,^1mN5^ch2H,robin42@example.org,Ashley,Schroeder,1951-08-26,Male,Married,0,0,0,1,1,0
nguyentravis,)05IYEvG&l,cedwards@example.com,Matthew,Taylor,1997-09-06,Female,Single,0,1,1,0,0,0
shanedavila,(yGDiO&c%8,jjohnson@example.com,Kristina,Moreno,1998-12-16,Other,Married,0,1,1,0,1,1
michele56,)3^C^Awiu7,rodriguezchristine@example.net,Michelle,Simpson,1993-01-26,Female,Single,1,0,1,1,1,1
samuel67,^IBOWCqa79,timothymurray@example.org,Shannon,Cortez,1945-03-19,Male,Divorced,1,1,1,0,1,0
xanderson,Iv0YWBMe!0,justinmiller@example.net,Michael,Wallace,1952-11-04,Male,Single,0,0,1,1,0,0
stanleykeith,&8K(gCtK0Z,walkerwendy@example.net,Nathan,Howe,1970-02-05,Male,Single,0,1,1,1,1,1
sarahburton,h8bIjJvX&&,tim98@example.org,Nancy,King,1949-01-28,Other,Single,0,0,1,1,0,1
sarah75,%U_&12CgI),nsmith@example.com,Bonnie,Brewer,1954-01-27,Male,Married,1,0,0,0,0,0
matthewbyrd,5N82JTJb@a,williamsdaniel@example.org,Dean,Ellis,1956-07-01,Female,Married,1,0,1,0,0,1
aaron62,s*)C7Pfnze,richardalexander@example.org,Bailey,Clark,1988-09-17,Male,Divorced,1,1,0,1,1,0
victor49,!tG(EyEx1Q,nmartinez@example.com,Brian,Williams,1998-10-02,Female,Married,0,1,0,1,0,0
znelson,+OV04OpMv@,olsonrhonda@example.com,Anthony,Fisher,1984-07-07,Female,Married,1,0,0,1,1,1
hurleyshane,5CX0rVoJ!^,dlowery@example.net,John,Romero,1947-09-16,Female,Divorced,1,0,0,0,1,1
linda84,gc5CP6qf@X,dylanlawrence@example.com,Adrienne,Horton,1988-06-04,Male,Single,0,0,0,0,0,0
jennifermoore,o_7V@LvhWY,wilsonsandra@example.org,Raymond,Phelps,1953-06-03,Female,Single,1,0,1,1,0,1
maymelissa,j0XU@Ibp^F,jennifer40@example.com,Joseph,Garza,1957-04-24,Female,Divorced,1,0,1,0,0,1
erica71,BUR2C5Mn#%,william93@example.net,Karen,Simmons,1947-04-28,Male,Single,1,1,1,0,1,0
heidi66,@@eJq8%n3X,miranda35@example.com,Julie,Castillo,1979-08-15,Female,Divorced,1,0,1,0,1,1
alyssa82,$59RiGoaM8,hhowe@example.org,Joshua,Ward,1972-10-25,Male,Married,0,1,0,1,1,0
mary82,m)+N5I*GJf,braunjason@example.net,Carla,Graves,1952-01-12,Male,Divorced,0,1,1,1,1,0
deanna87,T%9XBmjK(l,hendersonsherry@example.org,Kathy,Dunn,1958-10-21,Female,Married,0,0,1,1,1,0
pricetammy,yS3tgVeg)3,petersonjames@example.net,Danielle,Ramsey,1987-02-01,Male,Married,0,1,0,0,0,1
anthony22,&9*Ew06m@Z,janetperez@example.net,Kevin,Cole,1969-01-31,Other,Divorced,0,1,0,1,0,0
garciajoshua,f3mPWfLo_7,nicholaslevine@example.com,Tiffany,Santana,2006-04-22,Male,Single,1,0,0,0,1,1
samanthakaiser,!5L)P7mXXf,melissafisher@example.com,Jenna,Webb,1974-07-19,Male,Married,1,0,1,0,0,1
nallen,%eO6WoQ95w,kristinwhite@example.org,Theresa,Carr,1986-03-03,Male,Married,1,0,0,1,0,1
juanrussell,_I8gc5MtFe,johnsonkevin@example.com,Jacob,Lee,1966-09-22,Male,Single,1,0,0,0,1,1
stephanie35,K$fW0EwxEv,lhernandez@example.net,Penny,Murphy,1955-03-10,Other,Single,0,0,0,1,1,0
mgeorge,!2MPzTGw*N,jimmy27@example.com,Christopher,Tran,1953-03-11,Other,Divorced,1,1,0,1,1,0
usanchez,Oh7UZN8m__,bwilliams@example.net,Jasmin,Patrick,1992-09-06,Male,Married,1,1,1,0,0,0
julieferguson,UEyj3W0nb),ramirezjennifer@example.org,Tracy,Pratt,1984-03-13,Male,Married,1,0,0,1,1,1
carmenmcmahon,3hwMDuEF$9,james43@example.com,Phillip,Gutierrez,1953-10-30,Female,Married,0,1,1,1,0,1
benjamingriffith,06RLkRVz)r,heathermartin@example.com,Heather,Cole,1953-11-21,Male,Married,0,1,1,0,1,0
jesse24,z^p2Uasc$x,orivera@example.org,Sabrina,Smith,1964-10-02,Female,Divorced,1,0,0,1,0,0
codypatterson,$)5I%Nlo#D,bhaynes@example.net,Joshua,Edwards,1988-04-17,Female,Divorced,1,1,1,1,0,1
daniel71,!1V3_d@jR1,erika54@example.org,Michael,Simpson,1989-06-02,Other,Single,0,0,0,0,1,1
elizabethwilson,E7mZTQ1h_#,cookjames@example.org,Jonathan,Neal,1966-04-29,Female,Single,0,1,0,1,0,0
ctaylor,%$2)FxliaC,isabellachen@example.org,Laura,Adams,1954-02-26,Male,Divorced,1,1,0,0,0,0
gravesnatalie,8^Igqr0l@l,ifrench@example.net,James,Melendez,1997-09-04,Other,Single,1,0,1,0,1,1
michael27,o+7aHHkyN&,deborah11@example.net,Dale,Bright,1957-08-05,Female,Single,0,0,1,1,0,0
jay34,tu0!!IygN),ysmith@example.org,Jodi,Weber,1958-02-11,Other,Married,0,0,1,0,1,1
zachary00,%60R*kxA5i,taylorlauren@example.net,John,Ellis,1960-11-04,Female,Divorced,0,1,0,1,1,1
sanchezrichard,*+Z$Xug070,gregoryfarley@example.com,Crystal,Charles,1945-01-01,Other,Single,1,1,1,1,0,0
vhanson,92*z2V@hvL,morganann@example.net,Leslie,Schaefer,1945-06-12,Female,Single,0,1,0,0,0,0
cruzdaniel,Z9c0RNb6^L,gary45@example.com,Alicia,Jordan,1981-11-04,Other,Divorced,1,1,0,1,1,1
mcdowellaaron,j5^1DHmGo3,randallmark@example.net,Victoria,Schneider,1990-10-26,Male,Married,0,0,1,0,0,0
oliviahernandez,^3%Npeac*(,jacob94@example.net,Matthew,Byrd,1988-04-07,Female,Divorced,1,1,0,0,0,0
fmora,h&3)zQBLrb,garciacynthia@example.com,William,Hill,1960-01-16,Male,Married,1,1,0,1,0,0
greerkaren,G9tF8N_I#r,nicholashawkins@example.org,Bradley,Erickson,1999-11-29,Male,Married,0,0,1,1,1,0
joannegreene,jOwZ9Stq$F,liukayla@example.net,Brandon,Harris,1961-07-02,Female,Single,0,1,0,0,1,1
richard56,*p3PIqix6a,joannarice@example.net,Jeffrey,Davis,1966-01-07,Other,Married,0,1,0,0,0,0
lisamaddox,@*MFzjfs4d,justinroberts@example.net,Christopher,Wilson,1974-05-08,Other,Single,0,1,0,0,1,0
cooleycheryl,+2&!nDavm1,rachelbutler@example.org,Paula,Gutierrez,1977-01-28,Male,Single,1,1,0,1,0,0
danielsharp,0%Q5n_tmZS,julie64@example.net,Veronica,Sparks,1965-10-24,Male,Single,1,1,1,0,0,1
taylortroy,8q3AKEHmt(,velasquezalexandra@example.net,Nicole,Pearson,1998-05-06,Other,Divorced,1,1,0,1,0,0
latoyarush,^7Ls9%Yy6Y,bradleyrogers@example.net,Leon,Gonzales,1993-06-13,Other,Divorced,0,0,0,0,1,0
joseph62,GZ7vKIVg#P,thompsonjoshua@example.net,Laura,Carpenter,1982-03-03,Female,Divorced,0,0,0,0,1,0
floydmaria,#t9LXOaaTi,haynesjesse@example.com,Brian,Dominguez,2006-11-22,Female,Married,0,0,1,0,1,0
williamross,TX91pUfgI_,kmiles@example.com,Jeffery,Brown,1984-09-08,Male,Divorced,1,0,1,1,1,0
gibsonjenna,D6XrG)(w$A,brian04@example.com,Mark,Foster,1958-12-21,Male,Divorced,0,0,0,1,1,1
gking,&1XySSq+_!,jvasquez@example.com,Brooke,West,1976-09-15,Male,Divorced,1,1,1,0,0,1
mollymartinez,3cS#F2Yu!5,vgarcia@example.org,Jason,Phillips,2000-01-30,Female,Divorced,0,0,1,0,1,0
kelleydaniel,2xDxMMjj#d,pthomas@example.org,Charles,Bird,2006-09-24,Female,Divorced,0,0,0,0,0,0
hayden62,#A0CiNv9aN,james83@example.org,Heidi,Higgins,1999-11-26,Male,Single,1,1,0,0,1,0
heather82,@Ge8apBu$q,ppaul@example.com,Melissa,Lopez,1982-11-24,Other,Divorced,1,0,0,0,1,1
wrightjoseph,+w2i*Wvjl@,amberfreeman@example.com,Jessica,Cook,1957-05-15,Other,Divorced,0,1,0,1,0,0
bradleycastaneda,SElT+6Rf%Z,alvarezmathew@example.org,Barbara,Mcdonald,1988-10-15,Other,Divorced,0,0,1,0,1,0
patelchelsea,&9RKAGyaCc,zacharyfry@example.org,Renee,Oconnor,1987-07-01,Female,Married,0,1,1,1,0,0
michael57,!oW24NUsrl,katherine74@example.com,Jennifer,Roberts,1994-05-23,Female,Married,1,1,0,1,0,0
matthewvargas,%2#47uOq5H,troy92@example.net,Frank,Wilson,1978-10-29,Female,Married,1,1,1,0,1,0
justinconner,!ntj6G1o@L,zjones@example.net,Sean,Sullivan,1950-06-04,Female,Single,0,1,0,1,0,1
kellymay,3A#1S8yy(I,smithamber@example.com,Cheyenne,Rogers,1957-04-27,Other,Single,0,1,1,1,0,0
simpsonjoseph,+i&Yth$8f8,mcgrathjonathon@example.org,Sharon,Gutierrez,1991-02-25,Other,Divorced,1,1,1,0,0,0
caldwelldavid,R@2$Rrji$4,donaldboyd@example.org,Donald,Caldwell,1957-05-07,Male,Divorced,0,1,1,1,1,0
ynunez,pE(H5Tin+Y,sullivankeith@example.net,Megan,Phillips,1959-04-21,Male,Married,0,0,0,0,1,1
kimberlypatel,xQZOFRyb%8,angelajones@example.net,Carolyn,Phillips,1956-02-19,Female,Single,0,0,1,1,1,1
tammy57,O23hN+4f^#,amartinez@example.com,Aaron,Kane,2000-08-01,Female,Married,1,0,1,1,1,0
crossbrent,a7zSVoCp&8,bridget68@example.org,Mark,Gillespie,1982-08-03,Other,Single,0,1,1,0,1,0
hclark,q&5wxW2iO+,markwalters@example.org,Kristen,Cook,1993-06-10,Female,Single,0,0,0,1,0,0
cjohnson,$_7FqUrs3u,markmoore@example.com,Mark,Smith,1971-01-27,Other,Divorced,0,1,0,1,1,0
christopherscott,b*!7QWpixJ,cannonthomas@example.com,Caitlyn,Clark,2006-03-14,Female,Married,1,0,1,0,0,1
allisonmathews,#Ol49QkU_i,kmaynard@example.com,Mark,Galvan,1983-01-05,Female,Divorced,0,1,0,1,0,1
brian45,3Xh1ZMIc@A,katie49@example.org,Andrew,Lopez,1976-09-29,Other,Single,0,0,0,1,0,1
qlucas,%cj3XLFyX7,omoore@example.org,Amber,Higgins,1954-01-09,Male,Married,1,1,0,0,0,1
andersonlori,#(63UL_uf#,mperry@example.org,William,Duncan,1948-05-14,Other,Single,1,1,1,0,0,0
yaustin,&76Lm#i3@S,bakerkelly@example.net,Sophia,Wilson,1955-09-18,Male,Single,1,1,1,1,1,0
angela49,!l5MrMwiOB,anthonysmith@example.net,Travis,Thornton,1953-12-21,Female,Divorced,1,0,1,0,1,1
langkevin,(9kP1uBZae,mark85@example.com,Molly,Arnold,1984-01-11,Female,Single,1,1,1,0,0,1
solomonlisa,&12X@ffub3,williamwoods@example.net,Michael,Mathis,1975-03-28,Female,Divorced,0,0,1,1,0,1
jguzman,ao1D0ZChQ(,marquezcindy@example.com,Nathan,Keith,1968-09-18,Male,Single,0,1,1,0,1,0
reginavaldez,#9E_SeDeuv,daniel05@example.net,Barbara,Garcia,1979-06-06,Other,Married,0,1,1,0,1,0
fstark,^yUMiy6I+6,gcarpenter@example.org,Melissa,Steele,2006-07-27,Other,Married,0,1,1,1,0,1
ericmiller,o3!y8WbQ&_,turnertrevor@example.net,Michael,Sheppard,1952-02-23,Female,Single,1,0,1,1,0,1
cadkins,^+BBhu9AB0,jason76@example.org,Randy,Sanchez,1965-08-30,Female,Divorced,0,0,0,1,0,0
yweaver,R7#7Lhgy&e,brewerjames@example.com,Wendy,Ryan,1999-02-03,Other,Divorced,0,1,0,0,1,1
monicamartinez,)1I3a*Z)1A,ycooper@example.net,Kevin,Medina,1977-12-02,Female,Single,1,0,1,1,0,0
sarah77,$8#I@4_eHk,jennifermurphy@example.net,Steve,Davis,2004-02-28,Male,Married,1,0,0,0,1,1
reginaldward,@KmOtbaQL0,debrasanchez@example.com,Nathan,Hood,1953-07-05,Female,Divorced,0,1,1,0,0,0
williamsanita,G2)o5RwvP2,paul99@example.net,Denise,Miller,1947-03-03,Male,Single,0,1,1,0,0,0
josephsmith,Q7!!pVXj^+,nguyenrandall@example.org,Alexis,Anderson,1946-05-19,Male,Divorced,1,0,1,0,1,1
ashley54,)3H*MLJtJf,sharpsara@example.com,Paul,Wheeler,1964-01-03,Other,Divorced,1,1,1,1,0,1
ashlee33,^Nw7WcFc!h,bradley44@example.org,Christopher,Anderson,1994-03-02,Female,Married,1,0,1,1,1,0
keithlara,%2K$Nv%iG%,kimberlypetersen@example.org,Kenneth,Cannon,1973-03-26,Other,Single,0,1,0,1,1,1
kingwilliam,@5&j9Fmw0u,shannonjoyce@example.net,Joseph,Brown,1994-04-19,Other,Divorced,1,0,0,1,0,1
danielle90,Aa%*s3Xf+p,heather27@example.net,Patrick,Andrews,1975-05-23,Other,Divorced,1,1,0,1,1,1
zcook,(xBYYYR$0p,rachel33@example.org,Stacie,Barnes,1989-01-27,Other,Divorced,0,1,0,0,1,0
laura45,Hl10Itx1!4,williamsjennifer@example.com,Natasha,Nunez,2000-04-22,Other,Single,1,0,1,1,0,0
davidjones,DVN9S&0uV&,colton13@example.net,Connie,Howell,1959-06-17,Female,Married,0,1,1,1,1,1
george57,*D(J7*CtH8,perryjuan@example.com,Thomas,Villa,1959-01-22,Female,Married,0,0,0,0,1,0
shannonjohnson,@44WrpFyd%,rmartinez@example.org,Sarah,Rogers,1998-04-06,Female,Single,1,1,1,1,0,0
alejandroaguilar,%9ifZ)^r(y,emilywagner@example.com,James,Gregory,1949-01-04,Female,Single,1,0,1,0,1,0
sharon07,_VTtkTO24z,garciachelsea@example.net,Christopher,Henry,1945-09-29,Female,Married,1,1,1,1,1,0
harrislacey,)8EXLduXVd,lutzjames@example.net,Henry,Adams,1956-11-14,Female,Divorced,1,0,0,1,1,0
vincent87,o4^MbJ2t!x,nicholedelacruz@example.net,Robert,Hernandez,2002-08-20,Other,Divorced,1,1,1,1,0,1
dorispowell,Tq5*8Pt(HY,tdickson@example.com,Melissa,Glenn,1972-12-01,Male,Divorced,0,0,1,0,1,0
littledonna,wJoBBOu0$1,lopezmichelle@example.net,Shane,Webb,1967-11-26,Male,Married,0,1,1,1,1,1
htorres,B9#aFOLn&0,rodriguezsteven@example.com,Nicole,Anderson,1992-09-30,Other,Divorced,0,0,0,0,0,1
adamschaefer,RARHDXiW+6,angelagriffin@example.net,David,Vargas,1966-09-22,Female,Married,1,1,1,1,1,0
xpeterson,B#5JMk^Bsy,christina13@example.org,Michael,Spencer,1983-04-06,Male,Single,1,0,0,0,1,0
laura52,#f&$Td7Ts6,dawn74@example.com,Ernest,Jackson,1993-07-30,Other,Divorced,0,0,1,0,0,1
denise07,Z8Od3nF4*Z,bradleyerica@example.org,Tom,Reynolds,1983-04-04,Other,Single,0,0,0,0,1,1
ismith,)82klBLi5P,lucas06@example.org,Brett,Hooper,1950-12-27,Other,Married,0,1,1,1,0,1
dtucker,)R&khWAr$4,carla97@example.com,Stephen,Cox,1958-04-03,Other,Married,1,1,0,1,0,0
beverly92,@Q1WYgpuDi,gonzalesmary@example.com,Jessica,Townsend,1962-09-11,Female,Divorced,0,1,1,1,1,1
thompsonnathan,#9VAzsZmuC,lopezangela@example.com,William,Harmon,1948-10-02,Male,Married,1,0,1,0,0,1
sarahbrown,EkV75oKo5@,cpatterson@example.net,Carrie,Hayes,1989-09-27,Male,Divorced,1,1,1,1,1,0
jensenmeghan,EhS5^QwqR@,smithmitchell@example.net,Jose,Fisher,2000-10-15,Male,Married,0,1,1,0,0,0
scott79,23(Ai%Hh^o,angela00@example.net,Jessica,Mills,1989-09-10,Female,Divorced,0,1,0,0,1,0
hollysteele,^ti7*0BtBX,vanghenry@example.net,Morgan,Vincent,1977-09-15,Female,Divorced,1,0,0,0,0,0
rcurry,8O+Vm)5l@_,dtorres@example.com,Bradley,Curtis,1981-03-21,Female,Single,0,0,0,0,0,1
brianhoward,N+2dAo8yZg,favila@example.org,Andrew,Reynolds,1971-10-19,Other,Single,0,0,1,0,0,1
cynthia51,u*#0Dwfd*+,lmorales@example.com,Kelly,Ellis,1959-05-11,Other,Divorced,0,0,1,0,0,0
juan08,&14BgWh01z,spearson@example.org,Bonnie,Jenkins,1963-09-11,Male,Married,0,0,1,0,0,0
amberbrown,Fct6OB$#a%,richardwillis@example.com,Donna,Richards,1963-03-03,Male,Married,0,1,0,1,1,1
ann01,@#EDx6JJF7,heather94@example.org,Austin,Taylor,2002-10-02,Other,Single,1,0,0,0,0,0
patricksmith,$&C@c2Fae$,kayla83@example.com,Joseph,Sosa,1997-12-03,Female,Single,0,0,1,1,0,1
huynhmary,hn0+3XiKp+,robertgreen@example.com,William,Williams,1960-10-16,Male,Married,1,0,0,1,1,0
cynthia79,%LJs9Fg!!0,cervanteskevin@example.net,Michael,Brown,2004-12-04,Other,Married,1,0,1,1,1,1
julian60,i0xBfQzV)Q,meganpowell@example.net,Erica,Dunn,1998-10-22,Female,Divorced,0,1,0,1,1,0
xgibson,Tr84L*q+Q@,irwinsherri@example.net,Diane,Patterson,1956-11-28,Female,Married,0,1,0,1,0,1
lisaalvarez,5z6P7MUv(_,nancyjohnson@example.com,Jason,Moses,1979-11-01,Female,Divorced,1,0,0,1,1,1
ryan38,$zjZ7eZt3e,qrodriguez@example.org,Maria,Green,1949-10-29,Other,Divorced,0,1,1,0,1,1
jsmall,5PVjllEU_p,michael29@example.org,Valerie,Smith,1966-04-13,Other,Single,0,1,0,0,0,0
meyersteven,0#40fCpEWv,michelle75@example.org,Ryan,Anderson,1977-01-04,Other,Divorced,1,0,0,0,0,0
deborah86,E@8Rj0!f&9,reynoldsmelissa@example.net,Sally,Dickerson,1985-12-07,Male,Single,1,1,0,1,0,0
tarawheeler,_wl%AoNDW3,ericbridges@example.org,David,Barnes,2000-05-01,Other,Divorced,0,1,1,1,0,0
gjackson,^V5AFsPyg4,dennis75@example.net,Oscar,Mcknight,1944-09-05,Other,Divorced,1,1,1,0,1,0
karendorsey,m^!5pLgK^n,asmith@example.org,Jill,Kim,1978-12-16,Male,Single,1,1,0,1,0,0
ericrodriguez,4F)5QzIiZt,johnmartin@example.org,Maria,Thompson,1995-05-11,Female,Single,0,0,0,1,1,1
nelsonconnie,1IjwUkFa(2,alicia74@example.net,Leah,Cordova,1987-03-17,Other,Married,1,1,1,1,0,0
charles03,@P63^Tqh@X,shellymayo@example.net,Kenneth,Benton,1987-12-30,Male,Married,0,1,1,0,0,0
itodd,*T+Gzg)f)1,nunezjames@example.net,Robert,Archer,1971-08-07,Male,Single,0,1,0,0,0,1
stephaniegomez,_0ZDlZV6I#,alison01@example.org,Dana,Andrews,1970-10-13,Female,Married,1,0,1,1,0,0
mbrown,H!3SknP6S),wallsrandall@example.com,Todd,Martinez,1961-09-01,Male,Single,1,0,1,0,1,0
lindahowell,5RuoWiTn#3,goodwinerin@example.org,Christopher,Castro,1989-11-22,Female,Single,1,1,0,1,1,1
adam16,$9sJl@&m)s,shelby00@example.org,Diane,Brandt,2004-04-28,Female,Single,1,0,0,0,1,0
martinkristin,HuwCp3Ca)^,james15@example.net,Nathan,King,1973-04-30,Other,Single,0,0,0,0,0,1
zhernandez,FaT(5KUb@$,uchristensen@example.org,Mary,Brown,1965-08-05,Other,Divorced,0,0,1,0,0,1
emma99,m1h7TLbh0(,perezsandra@example.com,Shelly,Smith,2000-12-07,Other,Married,1,1,0,1,1,1
richardsjoseph,@MRM)nnbr0,aaronmoore@example.com,Stephanie,Garrett,1997-03-17,Female,Single,0,1,1,0,1,0
yayers,7LrH#Ihv(q,mkelly@example.com,Mitchell,Crawford,2004-08-20,Female,Single,1,0,0,1,1,1
laneryan,$nVmeEHg%4,obaker@example.com,Shelly,Vaughan,1981-08-25,Female,Single,1,0,1,1,1,0
manuel78,K+q2F2hQ((,wromero@example.org,Javier,Gardner,1968-06-27,Female,Single,0,1,0,0,1,1
daviddennis,*KipMbumm8,cassie68@example.net,John,Trujillo,1944-04-02,Female,Single,1,0,0,0,0,1
qboyd,*PL0JySe!A,cheryl77@example.com,Matthew,Blevins,2000-02-18,Other,Married,1,0,1,1,1,1
lorozco,$fU8%GNQ03,kristyjohnson@example.com,Linda,Cole,1965-04-23,Male,Married,0,0,0,0,0,0
patrick52,$4Z9(Ephgz,melissa45@example.org,Christopher,Brewer,1965-10-21,Female,Single,1,0,0,1,0,0
caseykevin,c3kGTy4C+P,qleach@example.org,Carrie,Thomas,1946-12-21,Female,Divorced,1,1,0,0,0,1
richard97,A%8o$DcsMB,mitchellangie@example.net,Robert,Knight,2001-06-05,Male,Divorced,1,1,1,1,1,0
watkinspatricia,%gG8KSXwD9,rgarcia@example.org,Brian,Simmons,1982-03-13,Male,Single,0,0,0,0,1,0
chenbrandon,^xZ8)XNNc5,saraweaver@example.com,David,Davis,1980-12-28,Other,Married,0,1,1,1,1,1
bowenshawn,9%O8EzTpX+,judith42@example.com,Amber,Abbott,1970-01-23,Male,Married,0,0,1,0,1,1
mark24,)UK7DJex$&,charleshardy@example.org,Gabriel,Houston,2006-09-18,Other,Divorced,1,1,1,1,1,1
ginawood,RM*3GWfB6n,khouston@example.com,James,Mills,2006-09-01,Female,Single,0,0,1,0,1,0
elizabethdorsey,+mTDJLuH9c,matthewyoung@example.org,Julie,Graves,1999-07-20,Male,Married,0,1,1,0,1,0
aking,!KGe4BFkdj,whitakermelissa@example.com,Gregory,Warren,1961-09-20,Male,Single,0,1,1,0,0,0
livingstonjustin,+e2SV7psbI,aortega@example.com,Nicole,Cole,1962-09-03,Male,Divorced,0,0,0,0,1,0
yorkkatherine,^ehHc8aH*8,soniamann@example.com,William,Bartlett,2000-07-18,Other,Single,0,1,0,1,0,0
paul14,$5*PDIOpS(,allisonhiggins@example.org,Laura,Miller,1999-05-31,Male,Married,1,1,0,1,0,0
melissa49,q*8CC2fjlI,umiller@example.com,Dustin,Harris,1989-02-26,Other,Single,1,1,0,0,1,0
ffrazier,&T0JNk!@H@,tracy80@example.com,Jacqueline,Clark,1997-05-23,Other,Married,0,1,0,0,0,0
luis99,Za3PTBGi*f,melissataylor@example.com,Donald,White,1979-02-21,Male,Married,1,1,1,1,1,1
sarah25,^b16rJMr^#,edwardsyolanda@example.net,Ashley,Lawrence,1950-08-13,Other,Married,1,1,0,0,0,1
christopherskinner,#0vIbjIyT%,melissaestrada@example.org,David,Trujillo,1964-12-27,Other,Divorced,0,0,1,1,0,1
michellebrown,(g2lYgcXq@,joshuaramirez@example.net,Charles,Henderson,1974-02-20,Other,Single,0,0,1,0,0,1
heather89,_myM9NFn%),gloriagonzalez@example.net,Hannah,Edwards,1960-07-07,Female,Single,1,0,1,1,0,1
sydneybeck,r!d2KOFwQj,sharpautumn@example.net,William,Johnson,1967-10-02,Other,Divorced,0,0,1,1,0,1
watsonwilliam,+I8LfVZaSi,mjohnson@example.net,Brian,Wright,1998-07-01,Male,Single,1,1,1,1,1,1
clarkbailey,&oNLQ*o^6H,levineguy@example.com,Edward,Martinez,1999-04-29,Other,Single,0,1,0,0,1,0
kimberly58,zF46XoYk#9,fberg@example.org,James,Williams,1977-11-26,Other,Married,1,1,0,1,1,0
gouldjessica,@$U2nQ+c8),gary52@example.net,Eric,Johnson,1956-07-23,Female,Married,1,0,1,1,0,0
jacobscody,UW7v(LkR#$,phodge@example.com,John,Thompson,1964-12-02,Other,Divorced,1,0,0,0,0,0
vwilson,&^1#G#xaP3,lindseyarnold@example.net,Joel,Chavez,1998-12-15,Other,Married,0,1,1,0,1,1
johnny36,@8+X+qubXF,ncunningham@example.com,Scott,Moss,2001-08-04,Male,Married,1,1,0,0,1,0
emartin,(lZ5GVJrIY,ewong@example.org,Kelli,Curtis,1944-03-19,Male,Divorced,1,0,0,0,1,1
arielsteele,H7_o7L6nmO,tiffanyhoward@example.org,Tina,Williams,1991-04-06,Other,Divorced,1,0,1,1,0,0
stuart47,S5$&hIVb*c,christopher48@example.org,Wendy,Peterson,1973-12-21,Other,Single,1,0,1,1,0,1
johnsoncheryl,p+4YxfFqrC,markfuller@example.com,Stephanie,Morgan,1956-09-29,Other,Single,1,0,0,0,1,0
todd89,@u8!IT1n@3,jeffrey60@example.com,David,Landry,1975-06-26,Male,Single,1,1,1,1,1,1
fwilliams,0Ez5$R0h^6,zamoraerik@example.com,Charles,Vaughn,1978-12-21,Female,Married,0,0,0,0,0,1
zbuchanan,pQa+6MshXf,francojames@example.com,Sabrina,Ramos,1985-06-20,Male,Married,1,1,0,0,0,1
craigelizabeth,&0S5AZVugu,andreafisher@example.net,Savannah,Shepard,1959-03-25,Female,Married,0,0,0,1,1,0
bryan67,$A5dPz$Z)t,rhunter@example.net,Alec,Clay,1988-04-19,Female,Married,0,0,1,0,0,1
logan20,+V&o2StuRz,sscott@example.net,Lisa,Burns,1983-07-13,Female,Divorced,1,0,0,0,0,1
carol57,FS4ChZH9(+,yhutchinson@example.com,Jeremiah,Rodriguez,1996-07-26,Other,Single,1,0,0,0,1,0
lewisjeffrey,x*^32jQuE#,racheldavis@example.org,Allen,Jones,1955-03-04,Other,Single,0,0,1,0,1,1
pbrooks,D65iuIx3C&,christina84@example.com,Danny,Smith,1999-04-12,Male,Married,1,0,0,1,1,1
tmayo,&VMySCj#H6,lgutierrez@example.org,Brett,Trujillo,2000-02-21,Other,Single,1,1,0,1,0,1
devinbrooks,^7Ynl$$Q1*,lcampbell@example.net,Mary,Dawson,1947-07-07,Female,Divorced,1,1,1,0,1,1
jameswoods,K51Mbhea_4,lukehughes@example.net,Mark,Lara,1994-06-19,Male,Single,1,1,1,1,0,1
lauragibson,#G3UqeInm2,anthonyadams@example.net,Cory,Holloway,1972-05-01,Male,Married,1,0,1,0,1,0
scantrell,3Ha@1Qq!E*,kevinguerra@example.com,Michael,Long,1991-08-03,Other,Divorced,0,1,0,1,0,1
rhays,)51X*VuAQx,nicole66@example.org,Elijah,Patrick,1965-08-31,Other,Divorced,1,0,0,0,1,0
qmorris,B&6MWpvy6%,hahnjeffrey@example.org,Katie,King,1999-04-29,Female,Married,1,0,1,1,1,1
morrisedgar,RN@4qMmj#Y,zamorajoshua@example.com,Katie,Harris,1999-05-17,Female,Married,1,0,0,1,1,1
lauraperez,K0N%xGIy$K,heather09@example.com,Elizabeth,Johnson,1973-11-25,Other,Divorced,1,1,1,0,1,0
castanedabobby,U^T8W(n@2q,morganfischer@example.com,Andrew,Smith,1966-11-28,Female,Married,1,0,0,0,1,0
lhenderson,$Imj7XiTZ#,jonathangordon@example.org,Howard,Dorsey,2005-07-30,Female,Married,1,0,0,0,1,0
james21,v1Y(0PcxCM,gerald84@example.org,Donna,Hoffman,1999-06-03,Female,Divorced,1,0,1,1,0,0
qpruitt,9iCaCco5)A,uprice@example.org,Jacob,Acosta,1945-07-04,Male,Divorced,0,1,1,1,1,1
snydersierra,1tL07BP_#2,don92@example.org,Lindsay,Morgan,2005-03-10,Male,Single,0,0,0,1,0,0
andrew57,#M^SQRz&p8,qmoore@example.com,Blake,Stevens,1980-11-23,Male,Married,1,1,0,0,0,1
nobrien,+Y0*JD_b(S,mark63@example.com,Carlos,Moran,1999-11-20,Female,Single,1,1,1,0,0,0
brent57,MyZ7$GOi@9,cortezhector@example.com,Christina,Lynch,1950-09-03,Female,Single,1,0,0,1,1,0
ejones,G!6cS8Ub)!,nathan16@example.com,Robert,Hunter,1956-09-16,Female,Divorced,0,1,0,1,0,0
michellejames,5feHtZN*$d,ewilson@example.net,Laurie,Williams,2001-08-01,Male,Married,0,1,1,0,1,0
evargas,wET+l6TK#5,hannahcox@example.com,Ronald,Donaldson,1948-07-30,Other,Single,1,1,0,1,0,1
marvin09,+#QR#c@b%9,loriosborn@example.com,Amber,Acosta,1953-07-06,Other,Divorced,1,1,0,0,1,0
qbrown,0k23$SB3((,reedphillip@example.com,Aaron,Clark,1947-12-28,Other,Married,1,0,1,0,0,0
loriclark,BEc3J3z%7&,jillbennett@example.net,Brittney,Johnson,1980-06-19,Male,Divorced,1,0,0,0,1,1
gibsonjames,eFIGxnd#!8,lawrenceodom@example.net,Pamela,Dudley,2001-06-10,Male,Divorced,1,1,1,1,1,1
andrew95,#tFWf_lQ&9,steveduran@example.net,Jason,Johnson,1963-01-05,Female,Divorced,1,1,0,1,0,0
elizabeth70,9p7oC8Yt9#,donna26@example.org,Michelle,Peters,1971-10-07,Male,Divorced,1,1,1,1,1,0
wadeangela,50d5VZmA)*,jimenezkenneth@example.com,Sheena,Mccarty,1983-11-28,Other,Divorced,0,1,0,1,1,0
julia07,Fg2FWPTfY!,crossjordan@example.com,Eric,James,1993-07-18,Other,Single,1,0,0,0,0,1
zglass,JAf&9Bbm55,pamelaross@example.net,Joshua,Roach,1987-04-12,Female,Divorced,1,0,1,0,1,1
bradfordjennifer,jY@n1Ghnwi,maria90@example.org,Robert,Ochoa,1971-12-08,Male,Married,1,0,0,0,0,1
sonyasmith,(9NRzJs)hM,jennifervargas@example.net,Audrey,Vargas,1945-02-16,Female,Divorced,1,1,0,1,0,0
scotttodd,@4#sAX&ShB,garciamark@example.com,Richard,Campos,1995-08-16,Male,Single,0,0,1,1,0,0
nicole47,9ZWUvTWE$t,codydiaz@example.net,Sandra,Bird,1966-04-07,Male,Divorced,0,1,1,0,0,0
khenry,(tYY(mO54x,ocarpenter@example.com,Billy,Thomas,1973-12-25,Other,Single,1,0,0,0,0,0
nelsonmackenzie,o3O7ZEkT^r,tommyellis@example.net,Billy,Myers,1976-03-20,Male,Divorced,0,0,1,0,1,0
davidwheeler,+3O(LMxRTi,williamwilliams@example.com,Anthony,Harper,1994-03-14,Male,Married,1,0,1,0,1,0
juliecarroll,$0HCbSObdR,christopher23@example.com,Kevin,Cole,1969-01-10,Female,Single,0,1,1,0,0,1
mwebster,#qeUm@p3Y5,steve85@example.net,Jennifer,Phillips,1963-02-18,Female,Single,0,1,1,1,1,0
orozcoandrew,T8%6WkAfc(,jacksonmark@example.com,Christine,Reyes,1954-03-24,Other,Married,0,0,0,1,1,1
mberry,mq(+8U5b48,nancy53@example.com,Corey,Flores,1977-04-04,Male,Married,0,0,1,0,0,1
kristinahenderson,@0CvG+_XuW,bgriffith@example.com,Ronald,White,1968-03-06,Female,Divorced,1,1,0,1,1,0
dgates,)!t7BW(tPk,julieboyer@example.net,Steven,Murphy,1995-08-10,Male,Single,1,0,0,0,1,0
riveraashley,@GLnMnHy4u,hcopeland@example.org,Sarah,Hernandez,1966-11-08,Other,Divorced,1,0,0,0,0,1
stricklandtamara,Dc2ES1xf&n,lisa62@example.net,Eric,Hudson,1948-10-30,Other,Single,0,1,0,0,0,0
andrea37,@v8UUIDtuW,smalljoseph@example.net,Jonathan,Robertson,1968-03-06,Other,Married,1,1,1,1,1,1
stefanie40,32BKm)mT(j,stronggary@example.org,Kiara,Whitaker,1991-03-20,Other,Divorced,1,0,1,1,1,1
bbriggs,_0$ZGSjj8k,vharris@example.net,Andre,Myers,1999-07-12,Male,Single,1,0,0,1,0,0
tracicunningham,%6l2MA0Hl),mrichard@example.com,Robert,Bradley,2001-07-31,Female,Single,1,0,1,0,0,1
cwaters,I!5Gvr^dFv,brianwood@example.org,Elizabeth,Garcia,1945-01-19,Female,Divorced,0,1,1,1,0,0
smithapril,^5y)SaTg0Y,laura03@example.com,Martin,Smith,1944-07-30,Female,Single,1,0,1,0,1,1
kristenjones,bx5Hh*xn#Y,james01@example.com,Destiny,Johnson,1958-01-15,Female,Single,1,1,1,0,1,1
xberry,y7UWxhrj(j,rachel32@example.net,Sara,Thomas,1995-09-26,Female,Single,0,0,1,1,0,0
davidsonjennifer,_XIst9SJa0,james09@example.com,Sara,Combs,1951-06-20,Female,Married,0,0,0,1,0,1
emilywatson,!7UYqcF1Fm,eelliott@example.com,Michael,Hunter,1961-01-22,Other,Single,1,0,1,1,0,1
youngmatthew,+2$xqIgxU7,lisalee@example.org,Natasha,Clark,1995-05-28,Other,Married,0,0,1,1,0,1
bridgetdunn,#@ND!h^s9U,qguzman@example.org,David,Torres,1988-10-26,Male,Married,0,1,0,0,1,0
christopher78,_KinNMou6a,nsmith@example.org,Matthew,Sanchez,1992-05-30,Male,Married,1,0,0,1,0,1
morristiffany,+1Bu1wj^l6,cuevasbrian@example.com,Destiny,Kaufman,1953-12-28,Female,Married,1,0,0,0,0,1
ialvarado,o9bBMJOh*8,rjefferson@example.net,Patrick,Chapman,1956-12-31,Other,Married,1,0,0,0,1,1
qbradshaw,!5JS2I9b)y,briansnyder@example.net,John,Hahn,1967-12-28,Other,Divorced,0,0,1,1,1,1
danielfisher,Q)6Q*)fsL!,hallphillip@example.com,Tanya,Schwartz,1957-01-09,Male,Divorced,0,1,1,1,0,0
duncanerin,7Z3wUIfRY%,riveraheather@example.com,Jessica,Calhoun,2001-10-20,Female,Married,1,0,0,1,1,0
wiseadam,%64M3RltWS,hthompson@example.net,John,Lucas,1946-10-20,Other,Married,0,0,0,1,0,1
suzanne58,FuMuKkEa(5,david47@example.org,Michael,Sanford,1993-05-24,Other,Single,0,0,1,1,0,0
rodriguezjoshua,@7wGGzVibl,alexandriajensen@example.net,Alice,Hodges,1996-03-11,Female,Single,1,0,0,1,1,0
sherriwyatt,h6StXXn4)1,rachel46@example.net,James,Love,2002-02-11,Male,Divorced,0,0,1,0,1,1
deanna93,+BWk768pn8,mariahwright@example.org,Melissa,Dominguez,1992-06-07,Female,Married,1,0,0,0,1,0
davidroberts,Tn80AGunh&,ewarner@example.net,Amber,Jones,1995-05-14,Male,Married,1,0,1,1,0,1
christopher66,*1XW4UBvoP,kathryn77@example.org,Brandon,Hernandez,1974-04-08,Female,Single,1,1,0,0,0,0
robertsonwilliam,+1R+(RmgBb,mayaaron@example.com,Ashley,Rose,1946-09-29,Female,Divorced,0,0,0,0,1,0
vcasey,&2X7@6ECpe,ethan81@example.com,Charles,Good,1995-06-15,Male,Married,1,1,0,0,1,1
amyburns,b+3YvKcBJ),pricechelsea@example.net,Christopher,Montes,1945-03-06,Male,Single,0,1,1,0,1,0
danielrivas,&4hOeh@rn(,codyhill@example.org,Kevin,Manning,1954-12-29,Female,Single,1,0,0,1,1,1
crystalrussell,((4)Otxk6x,dustindillon@example.net,Danielle,Ayers,1995-08-22,Male,Single,1,1,0,1,0,0
john78,#J5@ZmV&ui,hamiltondouglas@example.org,Kelly,Thompson,1987-06-01,Other,Married,0,0,1,1,0,1
wallacedarryl,9@Hyu^l+)c,andrew96@example.com,Jasmine,Fox,1998-11-11,Male,Single,1,0,1,1,0,0
kennethbrown,B9(HR5p^+p,monicagarrison@example.org,Bobby,Rogers,1989-07-14,Other,Married,1,1,1,1,1,0
jacob49,##H15TYwE1,johndonaldson@example.net,Cameron,Russell,1977-12-15,Female,Divorced,1,1,1,1,0,0
lindsay66,790nF9b2)Y,uphillips@example.com,Roberto,Martinez,1965-08-19,Other,Married,0,1,1,1,0,1
awatts,)PUWdPksU7,hansonjason@example.net,Luis,Garcia,1961-09-12,Male,Married,0,0,0,1,0,0
dramirez,_3CCdLj9xn,kimberlyherman@example.net,Isabel,Walker,2001-02-06,Male,Married,0,0,0,0,1,0
egeorge,j4NvX)!z)O,hernandezjared@example.net,Melanie,Rollins,1952-09-16,Female,Single,0,0,1,0,0,1
leejennifer,8a_iRQvM%a,garciamatthew@example.com,Jenna,Ferrell,1947-09-24,Female,Divorced,1,1,0,0,1,1
palmermatthew,aBZZ5Go*2*,xstevens@example.com,David,Guzman,1948-04-16,Other,Divorced,0,1,0,1,0,1
johnbaker,)^6@QkwUQ5,younganne@example.com,Elizabeth,Jones,1953-01-08,Other,Single,1,0,1,0,1,1
elizabethhess,w0Mtai3I#N,gcollins@example.com,Sherri,Banks,1965-06-21,Other,Single,0,1,0,0,0,0
jessetyler,8IyhXoqw&8,yruiz@example.com,Kristin,Walker,1979-01-04,Other,Divorced,0,0,0,0,0,0
mallory31,^T2_eZinfK,traceywilson@example.org,Jason,Gonzalez,2000-01-17,Other,Married,1,1,1,0,1,0
alexis29,9J_0iEjG_7,melissamclean@example.org,Daniel,Jensen,1970-05-21,Other,Single,1,1,0,0,1,1
jessewade,@3FcI1MCq4,thomaslane@example.org,Wendy,Powell,2000-08-29,Other,Single,0,0,0,0,1,1
dana53,(3fJjUDo#J,christophercallahan@example.org,Colleen,Novak,2004-04-30,Female,Married,1,0,1,0,0,1
wking,(5bg*XnwUT,hamptonbrooke@example.net,Jacqueline,Vazquez,1978-06-03,Male,Single,1,1,0,0,0,1
johnsontravis,)Q45Epw1B7,johnsonheather@example.net,Wyatt,Hall,1997-12-28,Male,Married,1,1,1,0,0,0
alexanderbrian,!EAKT6Vt&u,jennifernelson@example.com,Veronica,Hernandez,1970-10-13,Female,Divorced,1,1,1,0,1,0
richard28,2a&5wCs)a!,alyssa42@example.org,Michael,Ball,1958-06-02,Other,Married,0,0,0,0,0,1
